name,seed,full
PF13927,834,104001
PF02777,833,12750
PF03948,821,8081
PF02673,818,8522
PF02537,814,10912
PF02817,811,21402
PF01641,808,11894
PF01458,806,13003
PF02580,803,7969
PF00472,802,25002
PF00742,801,10218
PF05697,798,8186
PF02152,796,8384
PF00013,793,89567
PF04002,793,7854
PF02410,793,8924
PF13545,788,23837
PF01765,785,9614
PF02021,783,6610
PF01817,779,9494
PF00920,774,16415
PF02873,770,7808
PF01384,769,14808
PF02559,764,11596
PF02618,764,7407
PF07664,763,5700
PF07479,762,11290
PF00327,762,11497
PF02482,758,9313
PF01367,752,10449
PF02132,751,7367
PF00344,749,11699
PF02978,745,10083
PF05649,744,10946
PF00162,741,11336
PF07516,738,9177
PF02660,736,5853
PF13288,735,6834
PF01330,734,7477
PF05524,732,7568
PF04264,731,11606
PF08742,729,13155
PF00285,722,18200
PF17853,722,12738
PF00367,722,8902
PF00734,720,7804
PF01250,720,9463
PF02739,718,10841
PF02686,718,7513
PF00831,715,10121
PF02912,713,7577
PF19864,713,2361
PF02033,713,8211
PF16326,712,8351
PF16177,709,15404
PF00365,709,19271
PF02609,708,7019
PF00237,704,12292
PF01957,703,6901
PF11799,700,17375
PF00584,699,9317
PF01709,698,9535
PF16124,697,13315
PF17803,696,3639
PF11838,692,11798
PF01205,690,7570
PF00908,689,7598
PF01116,689,11877
PF02502,689,7924
PF02424,688,7831
PF01252,688,8940
PF02772,688,11388
PF01132,687,9072
PF10397,685,7393
PF06968,685,8098
PF02517,684,22277
PF05241,683,3634
PF02699,682,7147
PF13517,681,43258
PF02607,678,9903
PF01149,677,11077
PF12951,675,10921
PF01926,674,96703
PF01156,671,10768
PF01379,671,9205
PF02325,670,7824
PF02771,668,84288
PF02574,668,12233
PF01264,667,9003
PF08459,667,7726
PF16193,665,8836
PF00499,665,6638
PF02569,664,7327
PF01055,663,18081
PF00926,662,9338
PF10996,661,8211
PF00476,659,13855
PF07494,659,23220
PF03705,658,7709
PF02518,658,286248
PF00593,657,83833
PF00883,655,11306
PF01960,652,6725
PF01809,652,6939
PF01967,651,7333
PF02575,651,9032
PF00003,649,15507
PF01975,648,7543
PF03747,647,9778
PF02548,645,7926
PF01424,643,11539
PF13396,641,8426
PF02632,639,4828
PF13742,638,6822
PF03952,637,12663
PF03840,637,7501
PF00902,636,7616
PF01052,635,8886
PF00298,635,11732
PF00617,631,19334
PF01808,629,9651
PF04043,629,12597
PF02910,629,16683
PF00709,628,11367
PF01649,627,7870
PF01634,626,8194
PF01386,626,7151
PF07971,625,7488
PF14693,625,6809
PF02508,625,7319
PF02367,625,7669
PF12344,625,7726
PF10385,624,7595
PF13570,623,2279
PF00115,622,16128
PF00380,622,11738
PF01169,622,9818
PF00988,620,10700
PF02405,620,9918
PF01894,620,6119
PF03993,619,8686
PF01239,619,16557
PF02401,618,7640
PF10415,617,10212
PF07715,617,94119
PF00358,616,6064
PF02542,615,6951
PF04024,614,7488
PF03861,613,8903
PF04085,612,5951
PF10589,611,10427
PF01220,610,7337
PF01018,609,10874
PF00312,607,11440
PF14698,604,8418
PF00829,604,9440
PF00885,603,8814
PF12002,603,9033
PF02887,601,13886
PF03755,601,4722
PF00731,598,11198
PF19114,598,1679
PF13335,598,6576
PF00490,597,8654
PF01302,597,13556
PF00880,597,31329
PF02547,597,6985
PF10369,595,8543
PF01625,593,13244
PF00276,593,12127
PF14310,589,18946
PF00995,589,10852
PF00925,588,12137
PF00984,587,17525
PF17862,586,59233
PF01259,586,9760
PF04149,585,13520
PF02654,584,4552
PF01628,584,5564
PF02578,582,6300
PF02322,582,6824
PF00330,581,26059
PF03591,580,5762
PF00886,579,9309
PF04402,578,6366
PF11929,575,1336
PF02583,575,7699
PF13490,575,9060
PF00815,571,9716
PF16212,570,15989
PF13167,569,8522
PF06415,569,5804
PF13475,568,2809
PF13478,568,6899
PF01713,567,9089
PF00119,566,8785
PF02503,566,6366
PF08299,564,8270
PF00036,564,10997
PF01502,563,8127
PF06628,561,9814
PF01196,561,9519
PF02590,561,5896
PF12911,560,20711
PF00329,559,8540
PF03481,559,4832
PF09371,559,5903
PF16189,557,5485
PF05173,557,8327
PF09851,557,5564
PF19263,555,2861
PF17876,553,5526
PF03797,551,5268
PF00515,551,33427
PF08393,549,9376
PF13405,544,6345
PF07703,543,6989
PF01832,542,5703
PF13089,542,6332
PF01043,542,9303
PF01925,542,30666
PF04536,542,6386
PF01336,542,36374
PF02563,541,8827
PF00687,541,13796
PF03449,540,9916
PF01632,540,8654
PF03808,539,4275
PF12464,539,4860
PF00174,539,13694
PF16188,538,5302
PF17921,537,30271
PF02626,536,5830
PF14714,536,8248
PF00366,535,11559
PF06441,534,6094
PF06912,531,5091
PF12662,528,13862
PF00611,528,12916
PF00037,528,31970
PF01281,528,8967
PF01510,526,13123
PF01654,526,7234
PF17768,526,6144
PF02415,524,722
PF05201,524,6018
PF00200,523,8587
PF13399,522,5554
PF03600,521,14927
PF01266,521,68699
PF16344,521,7776
PF03313,521,7453
PF02445,520,5962
PF01702,517,10687
PF03461,517,7621
PF12399,515,20447
PF13445,515,20288
PF01430,514,4652
PF04296,514,4164
PF01741,511,6605
PF00020,510,10311
PF01820,509,9212
PF01923,508,6256
PF09723,508,4452
PF03880,507,6597
PF02698,506,9895
PF04117,505,7719
PF12704,504,38344
PF10150,504,9105
PF01312,503,6457
PF02457,502,5306
PF16199,502,4705
PF00719,500,9952
PF03055,499,8705
PF04237,494,5859
PF06022,492,1000
PF08529,492,8213
PF01904,491,5097
PF19290,491,7042
PF04055,491,128752
PF00281,490,10492
PF10646,489,4354
PF00475,489,8108
PF00343,489,11900
PF03928,487,6734
PF07503,487,3851
PF10431,485,35586
PF01226,485,4821
PF01985,484,9028
PF04898,484,8099
PF01197,484,9145
PF04427,483,8174
PF11987,482,11657
PF02391,482,6797
PF10590,482,6717
PF01329,482,7317
PF16320,481,9283
PF02811,479,26463
PF01523,479,7596
PF08338,478,5463
PF05257,477,4189
PF01988,474,7885
PF06026,473,6215
PF05485,473,8284
PF00479,472,10390
PF03489,472,5433
PF00745,470,5597
PF17827,470,7518
PF03186,468,4702
PF13720,467,4659
PF08486,467,3327
PF00828,466,11990
PF01219,465,4213
PF10509,465,6779
PF01987,462,7268
PF03938,462,5970
PF01668,461,7832
PF00095,461,6901
PF02738,459,30995
PF02104,459,6380
PF16353,458,4063
PF08436,458,6843
PF01352,458,30630
PF01535,458,241615
PF00887,457,7672
PF18052,457,25895
PF02096,456,12080
PF19853,455,1121
PF03719,455,12336
PF02690,454,10674
PF02383,454,9281
PF02625,452,7778
PF13356,451,6498
PF05792,451,4653
PF03441,451,10887
PF00397,451,46609
PF03352,450,7012
PF06429,450,19970
PF05191,449,8464
PF02833,449,3958
PF07562,449,9336
PF05195,448,7892
PF03150,448,5069
PF03120,448,8386
PF03929,448,7590
PF00288,447,27744
PF00707,447,8519
PF05198,446,8580
PF00241,445,11908
PF03443,444,6364
PF02365,444,19391
PF10410,443,5821
PF02934,443,8915
PF01618,443,19107
PF03116,443,4126
PF03748,442,4185
PF01590,442,37262
PF00252,442,11994
PF02730,441,1983
PF00478,440,15786
PF04613,440,4153
PF06422,435,6691
PF13676,435,8797
PF01106,434,9024
PF00433,434,19625
PF17136,433,8621
PF00303,433,8611
PF02572,432,4681
PF00759,432,7743
PF16360,432,8409
PF03595,432,6264
PF16123,431,5428
PF00278,431,17249
PF13493,428,4473
PF00766,428,10357
PF02985,428,9508
PF05184,428,4605
PF03073,428,4730
PF03796,427,11388
PF00646,426,54874
PF01657,425,20356
PF04020,423,4519
PF03119,422,6468
PF18075,422,5409
PF00271,421,250309
PF07331,421,6648
PF01890,420,2847
PF08711,420,8268
PF02092,420,4602
PF00221,419,8831
PF02601,418,8685
PF02308,418,5915
PF04145,416,5863
PF03091,416,3528
PF14450,416,9004
PF00830,416,9608
PF18076,415,3557
PF00348,415,26801
PF17802,414,10776
PF00662,413,10989
PF04963,413,4975
PF12806,412,6150
PF01313,412,4493
PF00146,412,8531
PF08439,412,4169
PF06686,411,2985
PF04675,410,7795
PF01428,410,9352
PF00006,409,40339
PF02277,409,4968
PF02465,409,3181
PF03323,409,4957
PF03334,409,4280
PF01311,407,4464
PF00177,407,11957
PF03727,406,9433
PF01155,406,2413
PF02953,406,6477
PF08379,405,5465
PF00438,405,11435
PF02586,405,7890
PF04519,404,4605
PF09397,404,8111
PF10518,404,4972
PF18885,403,2689
PF19160,403,2334
PF04468,402,4131
PF00410,402,11321
PF00140,402,15113
PF00080,401,7658
PF10588,399,9125
PF04248,399,5305
PF01773,399,4481
PF03733,399,5051
PF02781,398,10626
PF01977,397,4952
PF04294,397,3113
PF12781,396,9003
PF19269,396,10199
PF05226,396,3595
PF07538,395,2196
PF00755,394,8440
PF00163,394,11228
PF06750,393,3603
PF02622,393,5567
PF12631,393,7503
PF09383,393,4957
PF16192,393,5420
PF12697,392,74762
PF10576,392,6294
PF04166,391,5641
PF02929,390,4675
PF18199,390,8789
PF02446,390,5305
PF13305,390,9500
PF13428,390,2271
PF05402,388,3519
PF02466,388,8928
PF01268,387,6142
PF00673,387,11040
PF03788,385,3078
PF00624,384,1547
PF07486,384,5332
PF14815,384,6958
PF07963,384,34091
PF13280,384,17749
PF09369,383,4506
PF00557,383,49758
PF17755,383,10921
PF01245,382,9471
PF01193,382,11917
PF18198,381,8628
PF02633,381,4521
PF00936,380,5979
PF06418,380,11004
PF04015,380,2622
PF12673,380,1747
PF06541,379,2506
PF02742,379,6796
PF00349,379,9183
PF07525,379,9424
PF04003,379,4796
PF03028,378,8620
PF02880,378,26126
PF07873,378,2190
PF01388,377,11410
PF02570,376,3483
PF00771,375,4662
PF07927,375,3711
PF04039,375,4360
PF05164,375,4970
PF17963,373,20346
PF17910,373,3012
PF03746,373,4707
PF02436,373,6637
PF03947,373,11954
PF01369,373,13674
PF09285,372,9007
PF09180,371,4602
PF03588,370,3988
PF04199,368,10138
PF04127,368,9963
PF08340,368,4734
PF00507,368,6808
PF00318,368,14921
PF04551,367,7795
PF01790,367,9395
PF13959,366,6581
PF07735,366,2826
PF02561,366,3374
PF04408,366,26112
PF14510,365,7716
PF16886,365,3405
PF08818,365,6869
PF04172,364,3920
PF11915,363,3848
PF01455,363,2693
PF16916,363,10720
PF00858,362,8318
PF06477,362,1568
PF01970,362,7607
PF20060,361,1242
PF00447,361,10917
PF04371,361,4091
PF07719,361,16441
PF01980,361,3390
PF01546,360,67072
PF07549,360,11299
PF09269,358,3621
PF00100,358,9909
PF03990,356,5151
PF00813,356,4493
PF01944,356,3628
PF01774,356,3943
PF13620,355,22596
PF08331,355,4349
PF04060,355,4311
PF02020,355,6806
PF06071,355,10061
PF08345,355,3875
PF02863,354,3759
PF01722,354,9455
PF06724,354,4937
PF02538,354,7806
PF04390,354,3496
PF13340,353,7210
PF03737,353,9510
PF20041,352,649
PF08378,352,5052
PF18889,351,690
PF05383,351,7436
PF02671,351,9203
PF09827,350,3504
PF01088,350,5825
PF18935,349,990
PF07811,349,7367
PF05635,348,4891
PF09118,348,4257
PF05681,348,4945
PF01016,348,9457
PF00333,348,12273
PF14031,346,4339
PF00338,346,12248
PF13244,345,4328
PF03098,344,11924
PF03914,344,4808
PF00888,344,12262
PF14791,344,4084
PF13559,344,3521
PF01176,344,11946
PF02812,344,13960
PF03479,344,6916
PF01084,344,10489
PF12661,342,24413
PF08029,342,4409
PF01192,342,9376
PF01867,341,4663
PF00199,341,11937
PF04241,341,4096
PF02225,341,22947
PF00453,341,8625
PF13920,341,34187
PF04463,339,2322
PF02514,339,4803
PF03729,339,10735
PF14490,339,3176
PF18759,339,6644
PF14416,339,8705
PF02244,339,3204
PF00253,339,11579
PF01253,339,7885
PF09719,338,1741
PF09754,338,4290
PF04168,337,4343
PF16488,337,6896
PF06050,337,3414
PF06965,337,4733
PF03740,337,3986
PF05658,337,5130
PF01346,336,3520
PF08310,336,4821
PF13378,336,24555
PF04815,336,8056
PF00401,335,3343
PF02594,335,3526
PF02595,335,4973
PF16653,335,6563
PF10557,334,7801
PF06803,334,4348
PF02245,334,3969
PF02201,334,8992
PF08516,333,6305
PF01504,333,13770
PF00471,333,9634
PF02261,332,4540
PF17678,332,7098
PF03626,331,4001
PF00300,331,61482
PF00393,330,9681
PF01871,330,3160
PF08148,330,5700
PF02643,330,3597
PF01825,330,12538
PF17801,330,5412
PF01899,330,4292
PF00576,330,4534
PF07662,329,4661
PF17764,329,7280
PF09527,328,3486
PF00542,328,10433
PF20142,328,2452
PF03862,328,2597
PF03015,328,3587
PF13682,326,1612
PF19788,326,602
PF12392,325,2021
PF06094,325,6503
PF04413,325,4439
PF13774,325,7278
PF18074,325,5887
PF19459,324,717
PF00149,324,110058
PF05504,324,4006
PF02615,323,5122
PF01237,323,15030
PF07004,323,11742
PF02775,323,46261
PF01514,323,4441
PF14226,322,32070
PF17941,322,6357
PF04377,321,4513
PF06165,321,3088
PF00104,321,25018
PF08376,320,4305
PF01679,320,5074
PF01165,320,8179
PF04892,320,8258
PF03799,319,5081
PF07804,319,4794
PF02657,319,4343
PF05598,318,7573
PF03372,318,55474
PF16863,318,4315
PF08542,318,5440
PF16016,318,5844
PF02592,318,4190
PF00596,317,20001
PF06133,317,2550
PF14667,317,11704
PF13561,315,172504
PF04547,315,8648
PF13802,315,9834
PF03134,315,7697
PF14278,315,3929
PF12775,314,8873
PF16321,314,5251
PF00194,313,12135
PF00048,313,7370
PF04000,313,3567
PF01805,313,8933
PF13894,313,11143
PF06961,312,2242
PF20152,312,7144
PF02603,312,2522
PF14804,312,1998
PF10601,312,3147
PF16325,311,2393
PF13640,308,16815
PF09994,308,5789
PF20149,308,2076
PF14842,308,4053
PF00681,308,28898
PF00986,307,13720
PF06245,307,2601
PF04982,307,3240
PF01992,307,3320
PF13565,306,3518
PF03473,306,12187
PF01798,306,5866
PF11760,305,2042
PF05235,304,3468
PF04234,304,3825
PF04314,304,3986
PF00387,304,10675
PF15901,304,4216
PF16901,303,8318
PF17137,303,4013
PF18917,303,1405
PF02990,303,8035
PF13793,303,15589
PF02773,303,11392
PF13368,303,13653
PF08487,303,4997
PF02571,302,2920
PF05033,302,6434
PF13277,302,2467
PF04298,302,2544
PF01179,301,6786
PF04777,301,3850
PF03124,301,4924
PF08495,301,2962
PF04051,301,5386
PF06689,301,7952
PF04810,301,7910
PF03636,300,3835
PF14237,300,3510
PF04066,300,4200
PF13634,300,11715
PF00203,300,11167
PF04472,300,4269
PF19124,299,706
PF03618,299,3797
PF12804,299,19677
PF06201,299,3278
PF01888,298,2172
PF02260,298,6615
PF13460,298,34863
PF03483,297,11401
PF01724,297,1829
PF19904,297,599
PF02700,297,4110
PF18766,297,5328
PF14403,296,4302
PF12937,296,63184
PF01706,296,4251
PF00699,296,4210
PF03645,295,3486
PF05960,294,6024
PF03466,294,140231
PF16859,294,7635
PF03561,293,4257
PF07501,293,4750
PF03883,293,4196
PF00376,293,11065
PF03381,292,3549
PF09362,292,4075
PF01887,292,1959
PF03315,292,6542
PF08044,291,4021
PF13677,291,5340
PF01730,291,3785
PF05161,290,2575
PF13376,290,4997
PF05949,289,3628
PF17517,289,1467
PF02965,289,5840
PF01804,289,5266
PF03367,289,3602
PF11975,288,3926
PF04973,288,3471
PF19289,288,10029
PF02646,288,4955
PF04253,288,4009
PF03331,287,4470
PF14008,287,5558
PF16491,287,3609
PF00309,287,4796
PF02194,286,5087
PF03255,285,5701
PF09989,285,1805
PF01940,285,2572
PF00250,285,17614
PF02669,285,3254
PF04749,285,6594
PF02491,285,5032
PF08592,284,3787
PF19457,284,892
PF13850,284,4585
PF02375,284,7380
PF08494,283,3831
PF02511,283,3527
PF03775,282,3083
PF16640,281,4243
PF19458,281,768
PF03975,280,2861
PF02733,280,6079
PF19258,280,508
PF00238,280,11880
PF12396,279,4307
PF04087,279,2640
PF01392,279,7916
PF13412,279,27166
PF04327,278,1681
PF01981,278,3943
PF01990,277,2817
PF01027,277,10647
PF04367,277,3778
PF18072,277,8746
PF10442,277,3019
PF01924,277,2082
PF00019,277,9911
PF17763,276,7226
PF01813,276,3504
PF00396,276,4802
PF14497,276,9718
PF16486,275,7891
PF07743,275,2643
PF03030,275,5743
PF07500,275,5240
PF02207,275,5360
PF18345,275,948
PF02138,274,7775
PF19690,274,466
PF01357,274,7178
PF12019,274,3022
PF01642,274,10504
PF06130,274,2510
PF00352,274,7212
PF19493,274,863
PF04515,273,6716
PF20148,273,2584
PF08497,273,2069
PF17202,273,1176
PF03140,272,8437
PF01161,272,11215
PF12680,272,21409
PF02582,271,3987
PF02493,271,89471
PF04032,271,1968
PF01168,270,24503
PF13537,270,16487
PF04960,270,5147
PF02650,270,3265
PF07907,270,2256
PF12874,270,36504
PF13408,270,7844
PF10436,269,5139
PF18803,269,2216
PF01969,269,2150
PF10728,269,2854
PF18741,269,2039
PF13597,269,4083
PF16658,269,5455
PF06172,268,3152
PF02233,268,5546
PF00268,268,9898
PF02805,267,4589
PF10825,267,2446
PF08712,267,4560
PF07332,267,4546
PF00486,267,102612
PF17757,267,15158
PF03625,266,3320
PF08669,266,15968
PF17912,266,10038
PF05552,266,4510
PF13207,265,1145
PF00512,265,181228
PF17146,265,1828
PF00468,265,7700
PF14841,264,4104
PF04299,264,3364
PF13947,264,13427
PF03619,264,6228
PF07264,263,5464
PF00040,263,7197
PF01416,263,19590
PF04430,262,3455
PF13975,262,6365
PF18758,262,5690
PF10017,262,3877
PF10143,262,1438
PF04376,261,4179
PF13012,261,6295
PF00314,261,6771
PF04366,261,4891
PF07261,260,3882
PF16355,260,3219
PF01652,260,6004
PF02677,260,1568
PF00168,258,145903
PF16874,258,2976
PF02256,257,2596
PF05494,257,2696
PF00856,257,45881
PF13382,256,3151
PF01693,256,5018
PF04316,256,2781
PF06421,256,9540
PF02016,256,5210
PF05183,256,4966
PF01014,256,4766
PF06719,255,3105
PF14420,255,2999
PF03988,255,4441
PF00233,255,15529
PF09365,254,2852
PF03478,254,7221
PF13660,254,2677
PF00353,254,121459
PF19221,254,2462
PF00484,254,13858
PF03830,254,2396
PF13234,254,4406
PF07075,253,2591
PF16220,253,2954
PF01450,253,9429
PF03946,253,11619
PF07593,253,3899
PF16113,252,7041
PF03776,252,2735
PF00346,251,11089
PF09347,251,3866
PF04325,251,4088
PF03081,251,6339
PF10281,251,3664
PF04479,251,8085
PF20001,250,640
PF05013,250,4727
PF14319,250,1446
PF04461,249,3679
PF12833,249,125317
PF03707,249,7850
PF00934,249,1637
PF10135,249,2675
PF06999,249,3057
PF17940,249,2221
PF04255,248,3213
PF13556,248,16928
PF04333,248,2528
PF17042,248,3609
PF07497,248,7319
PF07561,247,2573
PF13430,247,2204
PF04178,247,5087
PF13449,247,4180
PF03095,247,2892
PF01139,247,5881
PF03937,247,4162
PF00482,247,27751
PF13193,246,114355
PF02599,246,3524
PF18210,246,850
PF04200,246,917
PF12799,246,12698
PF05025,246,3008
PF04365,245,2084
PF00612,245,82891
PF02820,245,12642
PF09349,245,4465
PF04860,245,4296
PF05336,245,3644
PF08387,244,7395
PF15985,244,2749
PF09995,244,6492
PF04566,244,4203
PF01756,243,5535
PF01484,243,4505
PF06949,243,2895
PF03463,243,4213
PF00520,243,108878
PF14805,243,3315
PF02806,242,10432
PF02617,242,7734
PF08766,242,5609
PF13732,242,7759
PF20057,242,842
PF04295,242,3970
PF00538,242,8064
PF16870,242,8992
PF17676,242,5259
PF07976,242,3055
PF13174,242,11860
PF09298,241,3825
PF04229,241,2977
PF00497,241,50641
PF01218,240,5226
PF19609,240,802
PF01221,240,5887
PF02525,240,11413
PF02951,240,3143
PF14493,240,2520
PF01172,240,2591
PF13004,239,1304
PF02107,239,2893
PF04227,239,3507
PF13656,239,3452
PF02498,238,2810
PF11927,238,2792
PF16191,238,2865
PF05189,238,2707
PF13622,237,10298
PF05222,237,14019
PF03765,237,10163
PF02984,237,15101
PF03018,237,5839
PF14332,237,1333
PF04832,237,3479
PF09363,237,3128
PF05495,237,4412
PF14508,236,2454
PF03457,236,4151
PF14905,236,7389
PF13884,236,2914
PF14200,236,12356
PF17852,235,7600
PF18269,235,4378
PF04304,234,2424
PF04379,234,4104
PF18967,234,1336
PF01551,234,35727
PF04403,234,3552
PF02675,233,3116
PF04130,233,7966
PF00462,233,29264
PF00368,233,4677
PF07244,233,20938
PF00235,233,3549
PF09377,233,1830
PF07884,233,3411
PF01314,232,2020
PF17957,232,4495
PF04306,232,2148
PF19136,232,537
PF04961,232,1879
PF07670,232,18357
PF16209,232,14341
PF01496,232,7970
PF09678,231,4069
PF07258,231,3556
PF18886,231,848
PF01491,231,2542
PF00052,231,5321
PF00189,231,10270
PF01201,231,4134
PF00319,231,18783
PF18132,231,1068
PF06964,230,5771
PF11897,230,1886
PF08718,230,3890
PF00636,230,11434
PF12265,229,4790
PF07556,229,1568
PF01627,229,23738
PF07739,229,3034
PF02623,228,1591
PF01293,228,5852
PF10262,228,3416
PF02624,228,2976
PF08699,227,8469
PF13584,227,3164
PF12686,227,1604
PF16875,227,3426
PF00702,227,71939
PF13188,227,14416
PF06146,227,1806
PF02302,227,10253
PF03958,227,7790
PF04433,227,7098
PF13928,226,813
PF01728,226,15991
PF14716,226,5332
PF12296,226,1777
PF01895,226,19524
PF07136,225,1385
PF14289,225,3127
PF06585,225,2409
PF03793,225,23774
PF16187,225,4697
PF16656,225,7620
PF00683,225,13823
PF04265,225,4093
PF03106,225,17067
PF18721,224,583
PF06565,224,4148
PF02049,224,4040
PF18085,224,2264
PF20146,224,1742
PF17092,224,2782
PF13539,224,2485
PF00583,223,144159
PF16363,223,32379
PF02702,223,3356
PF17668,222,2651
PF07542,222,2621
PF00226,222,85158
PF12823,222,3449
PF19741,222,913
PF01885,222,3222
PF08390,222,2650
PF04341,221,3077
PF03130,221,1458
PF08482,221,3099
PF00158,221,39975
PF14260,221,2868
PF09479,220,7791
PF01235,220,7153
PF07583,220,4175
PF17784,220,3702
PF01964,220,5335
PF00205,220,30860
PF10105,219,1918
PF08628,219,4113
PF03137,219,5946
PF02145,219,7524
PF19040,219,3702
PF03366,219,3787
PF00465,218,19504
PF02119,218,2988
PF14551,218,9707
PF12320,218,3059
PF09179,218,3120
PF11706,218,5511
PF01037,217,35725
PF03107,217,13487
PF03607,217,6162
PF19799,217,550
PF01562,217,12446
PF12783,217,7039
PF17759,217,9880
PF12418,216,5004
PF09229,216,2306
PF01130,216,4152
PF01916,216,3547
PF02577,216,3664
PF06824,216,2304
PF00132,216,2321
PF18780,216,527
PF02170,216,11118
PF01997,216,2824
PF03909,215,5530
PF03100,215,3176
PF14382,215,2535
PF04387,215,3450
PF07336,214,4508
PF01061,214,67045
PF05853,214,4452
PF01487,214,4113
PF02600,214,3823
PF13566,214,1817
PF14558,214,2132
PF04818,213,9433
PF01933,213,5728
PF03994,213,4183
PF04343,213,4352
PF04474,213,1609
PF20074,213,542
PF04324,213,13608
PF19305,213,6526
PF13630,213,1825
PF04893,213,7545
PF01866,212,3961
PF07853,212,2019
PF02662,212,1182
PF00672,212,100192
PF09127,212,3014
PF02453,212,6713
PF10585,212,4648
PF13350,212,6128
PF01473,211,3864
PF01874,211,1453
PF00027,211,78333
PF17850,211,708
PF11898,211,3062
PF02661,211,13552
PF02735,211,7273
PF01395,211,2397
PF02342,211,7709
PF14903,211,11591
PF16078,210,7358
PF00491,210,15835
PF02179,210,4665
PF19744,210,402
PF00810,210,3893
PF13185,210,37238
PF17753,210,2094
PF01849,210,5458
PF01778,210,3448
PF16921,210,5949
PF02130,210,8441
PF04146,210,7575
PF09148,209,1473
PF04157,209,3291
PF18962,209,25549
PF20085,209,359
PF00121,209,11785
PF03699,209,2100
PF08740,208,3200
PF20078,208,305
PF01105,208,10120
PF04965,208,3662
PF01948,208,1340
PF07005,208,3669
PF16891,208,5877
PF00004,207,169764
PF18565,207,3031
PF17125,207,4154
PF09361,207,3562
PF04193,207,18266
PF03647,207,3088
PF07677,206,4647
PF11738,206,2547
PF00111,206,44941
PF04410,206,3170
PF05794,206,3107
PF02825,206,6339
PF20150,205,6347
PF07696,205,2814
PF03368,205,3351
PF08990,205,2221
PF03814,205,3146
PF10437,205,1760
PF04074,204,1507
PF04784,204,5073
PF07554,204,4033
PF02649,204,1920
PF17937,204,1483
PF05253,204,2407
PF03155,203,3916
PF13380,203,10956
PF03989,203,61460
PF19891,203,579
PF04727,203,5386
PF14509,203,2445
PF03633,203,3095
PF06602,203,10172
PF14027,203,2190
PF01868,203,1806
PF03936,203,6531
PF13431,203,2437
PF08385,202,6559
PF13464,202,3367
PF20083,202,332
PF03320,202,3874
PF04186,202,3234
PF08156,202,3520
PF04748,202,1843
PF05593,202,25733
PF01403,202,14901
PF04435,202,618
PF13667,202,3449
PF13859,201,2105
PF01584,201,21302
PF20147,201,3300
PF15711,201,3579
PF07661,201,8339
PF00659,201,3789
PF06971,201,3034
PF18335,201,2737
PF13423,201,1749
PF02823,200,9880
PF07875,200,2086
PF03199,200,2130
PF14579,200,13667
PF04183,200,3250
PF09278,200,7001
PF02073,200,3820
PF00445,200,5298
PF04542,200,128369
PF03105,200,11206
PF13233,199,2362
PF04364,199,2581
PF18937,199,938
PF13484,199,6147
PF01922,199,1977
PF14543,199,13413
PF00868,199,3044
PF17765,198,10187
PF08719,198,3565
PF00855,198,14707
PF18030,198,2168
PF19732,198,1012
PF09579,198,1463
PF16908,198,4099
PF02928,198,4561
PF00514,197,85142
PF08328,197,3403
PF03097,197,5719
PF11823,197,1287
PF04398,197,4380
PF19135,197,234
PF00958,197,9772
PF03972,197,6663
PF07194,197,1384
PF01619,197,8759
PF01900,197,2051
PF01335,196,3169
PF11845,196,2002
PF04456,196,1828
PF03609,196,2235
PF00427,196,1354
PF10114,196,1391
PF00088,196,3528
PF07973,196,24424
PF09350,195,2840
PF04588,195,4242
PF01185,195,2614
PF08512,195,4286
PF17919,195,24298
PF06736,195,2604
PF10400,195,3555
PF07411,194,2753
PF03736,194,9337
PF03576,194,4005
PF01471,194,31981
PF12796,193,451226
PF14429,193,7433
PF09917,193,2940
PF12670,193,1026
PF10670,193,1985
PF00498,193,42669
PF00784,193,6850
PF00956,193,6710
PF07009,193,1235
PF05443,193,2201
PF10099,193,3711
PF01963,193,5450
PF06011,193,2933
PF01951,192,1379
PF07311,192,2334
PF01984,192,1916
PF07690,192,453773
PF02736,192,8937
PF09341,192,1637
PF14299,192,4326
PF17650,192,1011
PF09551,192,1040
PF12652,191,993
PF04442,191,3589
PF09949,191,2960
PF12419,191,1990
PF13590,191,2511
PF01031,191,13316
PF03613,191,2286
PF12797,191,74
PF07587,191,4205
PF02255,191,1905
PF06177,191,1164
PF00940,191,2859
PF07697,190,1806
PF06089,190,2624
PF03144,190,56913
PF14520,190,26589
PF17207,190,12340
PF07238,190,13357
PF04950,190,3769
PF01466,190,4729
PF02209,190,5632
PF02822,189,2470
PF06041,189,2706
PF00220,189,325
PF12728,189,23202
PF15714,189,1203
PF06108,188,2697
PF01814,188,16748
PF17762,188,8201
PF04194,188,2345
PF01390,188,6495
PF11054,188,484
PF02254,188,27759
PF01843,187,7287
PF08760,187,1906
PF02641,187,1596
PF02656,187,7757
PF09835,187,2788
PF04167,187,2854
PF08463,187,2044
PF02023,187,7232
PF09830,186,1283
PF09079,186,2262
PF13722,186,3843
PF07103,186,2678
PF09351,186,1976
PF17432,186,3056
PF02185,186,7036
PF00219,186,4832
PF03067,186,4173
PF08154,186,2865
PF19304,186,4822
PF02758,186,3727
PF07983,186,10234
PF00645,186,3222
PF10391,185,2810
PF06439,185,8576
PF17179,185,975
PF13330,185,2774
PF03000,185,6200
PF04277,185,1547
PF16727,185,1033
PF06283,185,6685
PF03690,185,2388
PF07949,185,4765
PF11735,184,1932
PF03556,184,4102
PF08590,184,3052
PF02681,184,2421
PF12672,184,714
PF01448,184,5625
PF00754,184,32330
PF12798,184,204
PF02213,184,4789
PF05580,184,1324
PF10145,184,2961
PF12769,184,5098
PF12627,184,11030
PF05140,184,5112
PF05938,184,3042
PF17938,184,1875
PF00110,184,7488
PF14014,183,1958
PF04459,183,937
PF18949,183,406
PF06107,183,1596
PF06423,183,1558
PF00234,183,2514
PF08265,183,2608
PF13476,182,12028
PF07287,182,4078
PF16861,182,2155
PF10040,182,861
PF11604,182,2046
PF19909,182,507
PF12838,182,20898
PF02120,182,4572
PF20009,182,3063
PF10528,182,915
PF17131,182,1562
PF05940,182,1734
PF13839,182,10956
PF14703,182,8918
PF13041,182,279811
PF09548,182,1009
PF09578,182,975
PF03638,182,5113
PF16198,182,9461
PF00270,181,171615
PF13404,181,15406
PF04981,181,2222
PF18317,181,7796
PF02829,180,1039
PF17863,180,17259
PF12624,180,6715
PF10615,180,2591
PF01839,180,21314
PF03977,180,2144
PF08808,180,3788
PF04102,180,2016
PF06955,180,5101
PF17871,179,21922
PF00306,179,10147
PF05738,179,2952
PF12836,179,15707
PF06462,179,2039
PF05380,179,4579
PF13342,179,1900
PF16300,179,4539
PF13240,179,4478
PF13173,178,6475
PF03924,178,3969
PF07452,178,3140
PF03235,178,5985
PF20044,178,351
PF20082,178,390
PF12439,178,920
PF19937,178,625
PF18603,178,1455
PF13654,177,1798
PF17866,177,4798
PF13339,177,1598
PF14542,177,5795
PF10405,177,2062
PF04187,177,1863
PF00029,177,5962
PF06945,177,2776
PF16862,177,1743
PF11160,177,2166
PF01231,177,3038
PF00876,177,4255
PF17660,176,1455
PF12032,176,803
PF02596,176,742
PF18914,176,1740
PF03597,176,2594
PF18821,176,497
PF08753,176,1345
PF04096,176,2476
PF14009,176,5456
PF00193,176,7501
PF13949,175,3109
PF07841,175,1296
PF11953,175,2632
PF01381,175,85850
PF07687,175,59089
PF03416,175,3223
PF08324,175,2325
PF13540,175,15348
PF13519,175,15074
PF09360,175,4970
PF07695,174,4535
PF10318,174,1744
PF04647,174,1037
PF10719,174,1003
PF07610,174,3153
PF03319,174,1509
PF14691,174,13149
PF08323,174,8242
PF04756,174,2858
PF14441,174,1635
PF04034,174,1797
PF02076,174,1599
PF00086,174,10176
PF08142,173,3387
PF08522,173,1063
PF11146,173,1260
PF01070,173,17112
PF06017,173,5105
PF08159,173,3002
PF17875,173,882
PF04406,173,2242
PF02591,173,2228
PF13523,172,3565
PF13862,172,1745
PF03123,172,2161
PF10025,172,1760
PF11374,172,1790
PF20107,172,291
PF06032,172,2077
PF18912,172,2381
PF09721,172,2384
PF04432,172,1819
PF18735,172,450
PF13276,172,11094
PF08743,172,1790
PF14700,172,2487
PF11964,172,1893
PF17939,172,1656
PF05232,171,1683
PF07484,171,2861
PF01474,171,5502
PF10370,171,2597
PF03745,171,1943
PF19407,171,2503
PF04023,171,9489
PF04347,171,3258
PF07007,171,2693
PF03460,171,20732
PF03126,171,3277
PF04546,171,2854
PF13374,171,23374
PF13302,170,49507
PF13331,170,1273
PF13711,170,1459
PF18975,170,473
PF00816,170,2671
PF01749,170,4936
PF03562,170,2214
PF13005,170,2883
PF04940,169,2093
PF04968,169,3588
PF07176,169,626
PF14311,169,1558
PF20033,169,361
PF02319,169,7148
PF01873,169,4147
PF04422,169,1625
PF19579,169,846
PF17681,169,7683
PF03659,169,2163
PF00444,169,7734
PF14821,169,5892
PF03743,169,2733
PF04794,169,2134
PF08843,168,4802
PF01453,168,16402
PF02627,168,26903
PF05347,168,9173
PF03942,168,2969
PF06993,168,1842
PF11026,168,1435
PF13438,168,1683
PF20086,168,320
PF07541,168,2060
PF00457,168,2046
PF08367,168,2781
PF16413,168,1880
PF04153,168,4724
PF04608,168,3434
PF03208,168,4225
PF04597,168,1950
PF06962,168,1474
PF01023,168,4174
PF04446,168,2237
PF20037,167,305
PF17766,167,10326
PF13618,167,2677
PF17171,167,3876
PF00467,167,18661
PF03956,167,1134
PF02344,167,268
PF00821,167,3595
PF08477,167,4235
PF08238,167,133325
PF03856,167,1042
PF01397,167,6565
PF03734,167,23792
PF01214,166,3718
PF08984,166,1792
PF09722,166,2922
PF11896,166,2135
PF14309,166,4643
PF05114,166,2634
PF05506,166,3022
PF19955,166,369
PF07729,166,51917
PF01486,166,7709
PF18517,166,1467
PF17800,166,2320
PF08336,166,2495
PF13407,166,28803
PF07905,166,4842
PF13530,166,2778
PF05916,166,5013
PF02816,165,3855
PF01747,165,4233
PF02363,165,3418
PF06544,165,2706
PF18941,165,587
PF09698,165,416
PF18053,165,1885
PF13309,165,1945
PF01124,165,8677
PF16897,165,3474
PF06458,165,1785
PF02810,165,12080
PF02206,165,469
PF13639,165,70727
PF08002,164,2506
PF16313,164,2003
PF19877,164,1255
PF01182,164,13192
PF04011,164,5572
PF00874,164,10518
PF05132,164,1776
PF12390,164,1192
PF09107,164,1709
PF14377,164,7846
PF00458,164,4457
PF13606,163,4587
PF01261,163,43752
PF00187,163,5494
PF07920,163,2034
PF04359,163,2323
PF18705,163,610
PF18939,163,1971
PF07019,163,2069
PF07730,163,41344
PF09458,163,1306
PF02182,163,4213
PF13406,163,6649
PF17932,163,9437
PF13365,163,36513
PF13863,162,1425
PF19460,162,717
PF13515,162,8970
PF03127,162,6681
PF10394,162,1586
PF13384,162,5853
PF05251,162,1104
PF02877,162,2866
PF08348,162,1605
PF00900,162,2738
PF04246,162,1482
PF13186,162,7202
PF03998,162,1668
PF12732,162,2945
PF07970,161,4977
PF11861,161,1657
PF19950,161,517
PF01493,161,9243
PF01058,161,12240
PF17297,161,3492
PF05299,161,2452
PF12854,161,18483
PF06102,161,1597
PF03749,161,2381
PF02091,161,4498
PF01509,161,11435
PF10326,160,2709
PF13336,160,5167
PF08264,160,34825
PF03987,160,3127
PF00452,160,2956
PF07043,160,2510
PF07286,160,1964
PF11614,160,2874
PF02663,160,828
PF06155,160,4409
PF17172,160,2243
PF13306,160,25245
PF06629,160,2319
PF00153,160,193024
PF05071,160,3839
PF03080,160,4408
PF02229,160,2676
PF00805,160,48349
PF01051,160,1833
PF00621,160,43540
PF13446,160,1789
PF00273,160,2291
PF09547,160,1137
PF12513,160,2072
PF01213,159,1497
PF07386,159,2199
PF09557,159,1796
PF13194,159,1132
PF13292,159,9408
PF13784,159,1643
PF00704,159,27105
PF18175,159,617
PF13007,159,2907
PF07589,159,8939
PF00269,159,3972
PF17991,159,591
PF05717,159,3666
PF00582,159,59445
PF14524,159,1803
PF00096,159,896125
PF18845,158,597
PF18952,158,451
PF00736,158,3453
PF07219,158,2145
PF01485,158,24082
PF14625,158,6410
PF12847,158,872
PF03413,158,5790
PF01137,158,3428
PF02556,158,2892
PF09388,158,2341
PF12945,158,1273
PF00504,157,7538
PF00032,157,4277
PF11578,157,2533
PF18990,157,713
PF19461,157,745
PF19803,157,903
PF05594,157,5404
PF06480,157,9331
PF03227,157,2591
PF15979,157,1747
PF12437,157,2278
PF06305,157,3542
PF05016,157,11364
PF00112,157,21918
PF13469,157,8803
PF06427,157,2110
PF05641,156,6337
PF15924,156,1680
PF02369,156,1414
PF07883,156,48831
PF04214,156,2029
PF04238,156,1685
PF14277,156,614
PF06289,156,1232
PF04031,156,1622
PF13241,156,6516
PF00141,156,31610
PF12621,156,1953
PF17243,156,943
PF03063,156,3159
PF03348,156,4540
PF13623,156,1150
PF10408,156,2788
PF14608,156,19061
PF17035,155,5641
PF02791,155,5316
PF20056,155,538
PF07837,155,1699
PF01184,155,4688
PF00061,155,7532
PF01476,155,58761
PF10250,155,11060
PF04987,155,2044
PF06479,155,2531
PF06703,155,1750
PF07985,155,1838
PF13400,155,4736
PF03649,155,2810
PF08511,154,2234
PF00772,154,9550
PF07946,154,1717
PF13948,154,2541
PF19694,154,353
PF08597,154,1795
PF04137,154,2470
PF05139,154,2634
PF16350,154,4467
PF03358,154,28962
PF01966,154,49957
PF02452,154,7611
PF00227,154,36558
PF04230,154,6043
PF01157,154,2762
PF01655,154,2658
PF08059,154,2867
PF09346,154,4014
PF12637,154,1074
PF20028,154,586
PF08521,153,3414
PF14535,153,4125
PF10411,153,1838
PF11871,153,1435
PF08207,153,9275
PF03321,153,7024
PF07529,153,5411
PF18676,153,4010
PF04938,153,1642
PF01062,152,8311
PF10403,152,2077
PF16760,152,1517
PF16327,152,3203
PF16010,152,2433
PF05875,152,3302
PF11007,152,876
PF12311,152,1761
PF04070,152,1327
PF13600,152,1849
PF18960,152,359
PF19809,152,278
PF12669,152,1182
PF03537,152,2439
PF16927,152,1876
PF02210,152,43213
PF17786,152,2573
PF02598,152,1616
PF08353,152,1843
PF04080,152,2118
PF00550,152,104948
PF07228,152,28944
PF05638,152,2196
PF14555,152,8376
PF03720,152,16431
PF03831,152,3282
PF07496,152,4817
PF19303,151,9266
PF10022,151,2183
PF07774,151,1882
PF02732,151,5215
PF19429,151,0
PF00210,151,17981
PF06276,151,3866
PF03221,151,8490
PF13298,151,2697
PF16983,151,2265
PF00374,151,5913
PF08799,151,2988
PF01090,151,2450
PF00496,151,48178
PF06695,151,1230
PF01033,151,4490
PF13501,151,1537
PF07660,151,4826
PF07202,151,2015
PF01607,150,17215
PF08617,150,1712
PF12717,150,2921
PF07683,150,11222
PF08312,150,2719
PF10414,150,1905
PF19372,150,371
PF01683,150,3828
PF11327,150,1375
PF14715,150,2741
PF13450,150,26170
PF02799,150,2340
PF09699,150,2779
PF00648,150,11594
PF18995,150,3196
PF18592,150,1125
PF14849,150,4087
PF00244,149,7814
PF01648,149,15437
PF13549,149,5961
PF16200,149,2769
PF07736,149,1383
PF10354,149,2226
PF17881,149,573
PF05305,149,1373
PF05985,149,1487
PF13409,149,10703
PF13286,149,5826
PF18796,149,264
PF09414,149,1772
PF01118,149,19924
PF04177,149,1753
PF10193,149,1585
PF05620,149,1512
PF03658,149,1584
PF03456,149,9557
PF03350,149,2326
PF00547,149,4254
PF02148,149,12322
PF13817,148,3590
PF17168,148,1922
PF09358,148,2735
PF08311,148,2296
PF03621,148,2570
PF01225,148,24206
PF18082,148,420
PF06858,148,2172
PF14343,148,747
PF18327,148,1444
PF08768,148,2747
PF09720,148,1237
PF02862,147,6005
PF00526,147,665
PF04305,147,2335
PF20104,147,317
PF20136,147,214
PF14742,147,1710
PF00046,147,85650
PF17788,147,2010
PF01344,147,93885
PF03195,147,6767
PF19838,147,1320
PF13458,147,29193
PF03787,147,3064
PF03167,147,20539
PF19842,147,513
PF20080,146,9113
PF06294,146,1475
PF04244,146,1980
PF13861,146,1644
PF05636,146,1676
PF07200,146,2442
PF00249,146,85525
PF01936,146,10120
PF12368,146,2704
PF09546,146,1062
PF11992,146,3345
PF14559,146,35622
PF08625,146,1663
PF02135,146,5051
PF08541,145,18628
PF11718,145,1793
PF04679,145,11751
PF07866,145,1388
PF07892,145,829
PF11138,145,2029
PF14056,145,654
PF14737,145,1656
PF20116,145,287
PF01934,145,3632
PF13507,145,9158
PF03971,145,2625
PF04212,145,5914
PF00291,145,69610
PF13557,145,2524
PF14324,145,2454
PF03838,145,1195
PF01138,145,31605
PF02037,145,11761
PF02970,145,1621
PF02597,145,14622
PF16898,145,2761
PF12397,145,1426
PF05221,144,14475
PF07603,144,2300
PF07898,144,1856
PF08811,144,2729
PF09860,144,1492
PF11306,144,3094
PF13937,144,1790
PF09685,144,2989
PF18944,144,696
PF20126,144,638
PF14686,144,2620
PF07504,144,3756
PF00010,144,67929
PF16201,144,1595
PF01282,144,2785
PF10273,144,1635
PF11815,143,2510
PF14346,143,864
PF19265,143,199
PF19802,143,363
PF20061,143,386
PF20069,143,382
PF05167,143,1532
PF03271,143,2758
PF07749,143,1437
PF17677,143,4853
PF18019,143,1782
PF07700,143,3078
PF11794,143,1826
PF06230,143,1309
PF01059,143,1630
PF17785,143,3908
PF04939,143,1555
PF09384,143,1537
PF12848,142,27760
PF11791,142,1831
PF01636,142,50139
PF08603,142,2275
PF13442,142,28822
PF17782,142,4919
PF08349,142,1106
PF09320,142,2251
PF11913,142,1930
PF13635,142,5543
PF13858,142,1618
PF05656,142,3520
PF08244,142,7464
PF00009,142,89977
PF03822,142,5092
PF00074,142,1494
PF01191,142,2589
PF12685,142,1113
PF13624,142,6010
PF07721,142,2231
PF00501,141,193796
PF04676,141,2881
PF08278,141,2259
PF11818,141,1710
PF11911,141,1830
PF19755,141,180
PF05661,141,2333
PF04493,141,2843
PF04800,141,2791
PF01267,141,2456
PF04309,141,1175
PF10162,141,2180
PF13524,141,4088
PF06594,141,1978
PF07723,141,2824
PF08241,141,62782
PF18364,141,949
PF04152,141,1856
PF04844,141,3391
PF00581,141,73219
PF08281,141,87692
PF12752,141,3695
PF14317,141,1448
PF03306,140,1172
PF03232,140,2802
PF03455,140,6111
PF06267,140,1694
PF06749,140,2636
PF18980,140,237
PF16190,140,2958
PF01151,140,8081
PF14826,140,1767
PF19841,140,866
PF05178,140,1489
PF02579,140,3993
PF12409,140,2449
PF00114,140,1575
PF09687,140,1200
PF08519,140,1914
PF04567,140,4171
PF07890,140,1527
PF16837,140,1588
PF18402,140,2185
PF07702,140,19132
PF08493,139,680
PF05208,139,1713
PF10351,139,2093
PF16186,139,5093
PF04857,139,7634
PF14584,139,870
PF18888,139,527
PF19775,139,613
PF12807,139,3090
PF05389,139,1718
PF12972,139,1853
PF16414,139,2414
PF19583,139,535
PF02014,139,2489
PF08079,139,2805
PF09177,139,2370
PF03148,139,2265
PF10568,139,2082
PF05685,139,15869
PF12816,139,1825
PF07724,138,38873
PF12698,138,32455
PF17293,138,3518
PF03590,138,1295
PF04972,138,13097
PF08146,138,1526
PF10346,138,1556
PF09836,138,1859
PF10049,138,969
PF10350,138,1809
PF04751,138,1656
PF20119,138,244
PF13183,138,17676
PF04190,138,1691
PF13441,138,1257
PF02330,138,2774
PF04349,138,1733
PF02142,138,20539
PF08438,138,1027
PF14720,138,1993
PF18906,138,837
PF08170,138,1520
PF01159,138,2478
PF08033,138,7770
PF03943,138,1584
PF18403,138,1945
PF07751,137,1676
PF04775,137,1814
PF01067,137,7740
PF03918,137,2884
PF16573,137,1571
PF19443,137,216
PF07539,137,1775
PF06210,137,2695
PF09996,137,1662
PF18942,137,969
PF19087,137,378
PF19287,137,317
PF19451,137,245
PF04900,137,3366
PF02906,137,5795
PF00777,137,8752
PF06432,137,1482
PF05046,137,1163
PF04383,137,3329
PF00932,137,7411
PF03919,137,1936
PF12971,137,1579
PF05630,137,2148
PF16158,137,2543
PF07047,137,1717
PF10609,137,16100
PF05816,137,2457
PF02676,137,1320
PF18595,136,750
PF14358,136,724
PF19754,136,179
PF05907,136,1690
PF05129,136,1822
PF01878,136,4533
PF17189,136,3524
PF03637,136,6436
PF08370,136,5045
PF14574,136,1689
PF03820,136,3309
PF18348,136,1993
PF01549,136,9271
PF13607,136,6346
PF03695,136,2150
PF04615,136,2130
PF02826,135,49315
PF03171,135,35075
PF14363,135,3407
PF04106,135,1755
PF10404,135,1751
PF07741,135,2007
PF09736,135,1600
PF12253,135,1607
PF09912,135,1719
PF20105,135,290
PF05871,135,1587
PF13410,135,20550
PF06386,135,1731
PF18947,135,8484
PF13542,135,1679
PF05983,135,1515
PF14630,135,1618
PF08510,135,1500
PF15159,135,881
PF03371,135,2663
PF18602,135,495
PF14204,135,2248
PF09345,135,685
PF20155,135,2078
PF03159,135,4456
PF00689,134,29012
PF04358,134,1489
PF19728,134,210
PF19834,134,1087
PF20134,134,216
PF05832,134,2072
PF06055,134,1616
PF12810,134,1522
PF16211,134,9898
PF10237,134,1699
PF16655,134,4239
PF00838,134,2199
PF03798,134,11568
PF04652,134,3103
PF03894,134,3398
PF08755,134,3214
PF02519,133,12085
PF18844,133,650
PF13684,133,3005
PF05011,133,1694
PF20058,133,864
PF06337,133,5472
PF01912,133,2165
PF01794,133,19046
PF00535,133,112085
PF04577,133,6508
PF07766,133,4594
PF11774,133,2785
PF12440,133,1063
PF03813,133,1606
PF17403,133,1588
PF17404,133,1737
PF17406,133,1691
PF17407,133,1530
PF04084,133,1661
PF19307,133,1359
PF08066,133,1462
PF01929,133,1990
PF15341,133,1222
PF08234,133,1457
PF08769,133,1593
PF05036,133,13422
PF04176,133,1669
PF01751,133,32307
PF14533,133,3811
PF01258,133,9516
PF10103,133,2749
PF05437,132,5788
PF13205,132,6018
PF12654,132,516
PF18961,132,267
PF06051,132,746
PF00503,132,13428
PF03360,132,2921
PF13513,132,6772
PF09907,132,1196
PF06135,132,1595
PF01853,132,6110
PF06039,132,2224
PF09992,132,4773
PF17405,132,1706
PF12872,132,9192
PF00502,132,1817
PF00317,132,9351
PF06645,132,1574
PF11176,132,1167
PF12928,132,1448
PF01206,132,7633
PF01175,132,4498
PF02752,131,9017
PF05228,131,1180
PF07364,131,1977
PF17479,131,1517
PF18701,131,4105
PF19753,131,263
PF05444,131,688
PF12008,131,1281
PF00254,131,43008
PF16483,131,1636
PF17209,131,4061
PF18368,131,1178
PF02664,131,1957
PF07540,131,1613
PF14629,131,1497
PF05488,131,2611
PF01828,131,1509
PF05193,131,41537
PF06865,131,1292
PF17917,131,15381
PF06426,131,3147
PF09106,131,1039
PF08239,131,13069
PF17775,131,2917
PF13444,130,4223
PF04089,130,2419
PF10104,130,962
PF05179,130,1650
PF18323,130,1399
PF08588,130,1154
PF10087,130,1167
PF13886,130,2378
PF19450,130,245
PF16421,130,2895
PF08698,130,1559
PF00762,130,8431
PF07559,130,2790
PF08705,130,19
PF02064,130,1582
PF10128,130,1778
PF17946,130,1582
PF00545,130,2243
PF03871,130,2225
PF15902,130,6799
PF04026,130,1689
PF07179,130,3567
PF01505,130,2013
PF13695,130,1449
PF01753,130,22681
PF08545,129,14400
PF03477,129,14456
PF17972,129,1647
PF01955,129,1086
PF02861,129,39047
PF08315,129,1479
PF14087,129,1269
PF05964,129,3269
PF01363,129,25572
PF13242,129,18554
PF00055,129,6959
PF17159,129,604
PF08638,129,1851
PF03446,129,32023
PF02665,129,2231
PF07767,129,1700
PF13102,129,6243
PF02748,129,1426
PF16976,129,3241
PF01015,129,2759
PF13967,129,8023
PF16470,129,3027
PF01547,129,34610
PF14632,129,1459
PF08341,129,884
PF05615,129,1420
PF18337,129,726
PF00882,129,1690
PF00696,128,44514
PF01842,128,32373
PF13840,128,12223
PF14863,128,1727
PF10435,128,1648
PF14683,128,2742
PF17048,128,2146
PF08696,128,1670
PF07308,128,1859
PF11148,128,1144
PF19447,128,234
PF08825,128,1695
PF12947,128,14861
PF05901,128,2035
PF07196,128,2651
PF12830,128,1847
PF03309,128,6014
PF05105,128,1513
PF15411,128,1460
PF04683,128,1766
PF13877,128,1616
PF01167,128,4975
PF12220,128,1572
PF19785,128,220
PF17867,127,4513
PF20091,127,652
PF13602,127,23017
PF03752,127,1690
PF00144,127,42971
PF05602,127,2607
PF07731,127,26533
PF09850,127,1532
PF08550,127,2707
PF17270,127,427
PF16004,127,1549
PF14670,127,26461
PF00977,127,17390
PF03241,127,1832
PF13964,127,7744
PF07650,127,18393
PF08484,127,1588
PF05089,127,1991
PF00293,127,99500
PF00658,127,4883
PF18369,127,1667
PF18953,127,354
PF06911,127,2081
PF00092,127,51876
PF08996,127,1672
PF04029,126,1893
PF03452,126,1956
PF16420,126,2060
PF00942,126,1111
PF08407,126,2813
PF08752,126,2154
PF08881,126,1868
PF17877,126,1264
PF11258,126,1511
PF11276,126,1251
PF19979,126,301
PF12242,126,1057
PF02793,126,9537
PF07177,126,4904
PF03419,126,1094
PF02755,126,9925
PF05002,126,2017
PF03979,126,5255
PF08770,126,1539
PF09560,126,852
PF04935,126,1500
PF13310,126,2080
PF03061,125,46565
PF02610,125,2206
PF13650,125,7750
PF07162,125,1837
PF06807,125,1515
PF01345,125,15605
PF07080,125,2215
PF12054,125,1700
PF14344,125,2496
PF19868,125,285
PF14575,125,5639
PF14011,125,1434
PF00487,125,26538
PF17851,125,5876
PF00703,125,16430
PF14518,125,2652
PF07965,125,2701
PF02470,125,20978
PF14500,125,1913
PF00334,125,14715
PF09340,125,1784
PF13954,125,1020
PF08369,125,1090
PF09511,125,1263
PF08666,125,9706
PF13721,125,1633
PF18142,125,831
PF14523,125,2674
PF06996,125,1491
PF06974,125,5783
PF06898,125,1139
PF13878,125,1653
PF09329,125,1377
PF13239,124,1998
PF07441,124,1034
PF10197,124,2729
PF12922,124,1537
PF08922,124,2360
PF10011,124,2089
PF13548,124,1742
PF20137,124,296
PF03951,124,12048
PF08701,124,1574
PF14699,124,1244
PF16576,124,43215
PF19081,124,5376
PF11923,124,1478
PF08161,124,1877
PF03392,124,1006
PF00280,124,1951
PF16910,124,4905
PF09336,124,7181
PF13480,123,6814
PF06644,123,1560
PF04380,123,2335
PF00637,123,24464
PF03471,123,18427
PF18718,123,594
PF01322,123,1977
PF12842,123,2333
PF04782,123,3424
PF10153,123,1083
PF03694,123,1354
PF00630,123,43921
PF10305,123,740
PF12215,123,2218
PF18829,123,1998
PF00753,123,77989
PF04004,123,1778
PF12802,123,44944
PF10118,123,1757
PF08421,123,1246
PF02901,123,4039
PF01280,123,2689
PF10363,123,1141
PF02290,123,1548
PF05936,123,1480
PF04821,123,1767
PF10180,123,1080
PF02769,122,37568
PF15915,122,1384
PF16492,122,6343
PF00690,122,32051
PF02734,122,8772
PF07063,122,1867
PF13821,122,1715
PF19452,122,221
PF05890,122,1646
PF06874,122,952
PF01134,122,11299
PF07477,122,1189
PF13344,122,12664
PF01658,122,4245
PF07171,122,1981
PF04603,122,1318
PF13837,122,12954
PF09070,122,1756
PF05521,122,2282
PF04144,122,3589
PF04658,122,1841
PF00923,122,11530
PF13868,122,2392
PF01208,122,11314
PF01660,122,413
PF01257,121,11938
PF07966,121,1944
PF06857,121,1055
PF14749,121,3105
PF00307,121,62264
PF16418,121,2050
PF04342,121,1500
PF09745,121,1471
PF09838,121,1484
PF12239,121,1305
PF12340,121,1327
PF04025,121,2067
PF12646,121,658
PF04063,121,1397
PF19099,121,277
PF20076,121,254
PF19094,121,172
PF01565,121,65249
PF02469,121,27964
PF18739,121,539
PF02589,121,7943
PF18126,121,766
PF01931,121,1306
PF12110,121,1838
PF00213,121,9771
PF12727,121,2007
PF01851,121,6616
PF13576,121,1738
PF03399,121,4428
PF05285,121,2239
PF04158,121,1579
PF13249,121,4976
PF10120,121,421
PF04558,121,1310
PF05145,120,2545
PF12719,120,1749
PF09717,120,1128
PF07417,120,193
PF07143,120,1314
PF02272,120,23009
PF04922,120,1675
PF09210,120,773
PF18928,120,443
PF04654,120,2530
PF19953,120,539
PF01996,120,3059
PF13579,120,9844
PF17186,120,1291
PF16657,120,5352
PF06100,120,1462
PF18818,120,2042
PF05997,120,1780
PF02317,120,971
PF17899,120,2324
PF12626,120,1488
PF13765,120,18699
PF08621,120,1450
PF12767,120,2102
PF03876,120,3423
PF08498,120,1752
PF13424,120,114885
PF00264,120,9407
PF13191,119,20377
PF17675,119,1695
PF11762,119,1724
PF04108,119,2242
PF18826,119,1564
PF09674,119,1039
PF11901,119,2279
PF04064,119,1310
PF14257,119,2237
PF20135,119,221
PF10371,119,2303
PF03587,119,1961
PF00178,119,10596
PF02351,119,4810
PF13646,119,32371
PF18372,119,2710
PF12936,119,1521
PF03550,119,1435
PF04014,119,7754
PF18557,119,886
PF03715,119,2083
PF04135,119,1481
PF04699,119,1781
PF08447,119,53770
PF13426,119,53379
PF04951,119,1333
PF18331,119,1260
PF07714,119,187300
PF03714,119,1559
PF04181,119,1417
PF09273,119,3749
PF02668,119,17976
PF11262,119,2155
PF02919,119,2445
PF06792,119,1537
PF09815,119,2956
PF01754,119,5571
PF03780,118,6025
PF02874,118,28640
PF04718,118,1805
PF04505,118,3924
PF01082,118,2251
PF14144,118,3955
PF09366,118,1113
PF13301,118,912
PF18480,118,1691
PF18922,118,933
PF19343,118,2225
PF00840,118,2024
PF15868,118,543
PF09531,118,1627
PF09768,118,1664
PF08321,118,2321
PF14065,118,1352
PF08652,118,1444
PF06883,118,1636
PF04992,118,1931
PF16879,118,3126
PF17101,118,1538
PF13176,118,10860
PF09822,117,2776
PF04111,117,1969
PF01412,117,21184
PF14480,117,1140
PF04028,117,1047
PF12675,117,645
PF13282,117,838
PF13664,117,2302
PF13689,117,1058
PF14326,117,889
PF19353,117,472
PF19673,117,211
PF19848,117,198
PF12837,117,1655
PF01630,117,2197
PF14702,117,1446
PF00362,117,4224
PF19298,117,1429
PF06741,117,2515
PF04934,117,1668
PF08569,117,2902
PF10543,117,1200
PF00068,117,2413
PF08543,117,12942
PF05137,117,2421
PF01243,117,26537
PF03248,117,2333
PF13467,117,1814
PF13531,117,13183
PF06775,117,1891
PF08064,117,1392
PF20068,116,682
PF16178,116,4184
PF01881,116,885
PF05227,116,4172
PF10635,116,1603
PF14308,116,2441
PF07762,116,3595
PF07958,116,1297
PF12010,116,1526
PF14033,116,2231
PF16335,116,2237
PF18970,116,818
PF19350,116,318
PF19746,116,264
PF19906,116,320
PF19931,116,329
PF05603,116,1568
PF08019,116,1226
PF06743,116,1737
PF12550,116,831
PF01915,116,24271
PF13083,116,5631
PF03031,116,14957
PF07862,116,747
PF08772,116,1559
PF08158,116,1533
PF02753,116,1161
PF17954,116,3705
PF08572,116,1822
PF08880,116,4246
PF01783,116,9023
PF18055,116,1909
PF01479,116,50274
PF00588,116,33608
PF12009,116,1288
PF04610,116,2396
PF05360,116,1890
PF04336,115,1193
PF03524,115,2133
PF04734,115,3269
PF06778,115,2367
PF10607,115,7648
PF07065,115,1872
PF13808,115,1904
PF12867,115,12132
PF04118,115,1902
PF11387,115,2060
PF11326,115,1232
PF12345,115,870
PF04239,115,5814
PF19589,115,268
PF19898,115,295
PF05542,115,2398
PF01012,115,20124
PF16935,115,305
PF02301,115,4338
PF13385,115,21769
PF18916,115,1436
PF10070,115,1015
PF12367,115,938
PF10559,115,2803
PF00823,115,1974
PF03939,115,2236
PF00573,115,12043
PF00079,115,17289
PF07962,115,1378
PF09139,115,1916
PF00335,115,19432
PF06738,115,5641
PF04263,115,4399
PF02080,115,29074
PF18194,115,634
PF08647,114,1054
PF01413,114,4203
PF05107,114,1224
PF02674,114,6651
PF02845,114,7787
PF17148,114,1882
PF17164,114,5380
PF18978,114,233
PF04578,114,4227
PF05359,114,3023
PF00679,114,40127
PF18005,114,1296
PF13510,114,14206
PF01846,114,15121
PF04930,114,1784
PF09394,114,778
PF03398,114,3896
PF14338,114,1008
PF09420,114,1830
PF11707,114,1518
PF02191,114,6125
PF19143,114,533
PF05239,114,16093
PF18319,114,5587
PF05773,114,8769
PF01680,114,4359
PF08164,114,1574
PF02320,114,1687
PF04192,114,1754
PF11698,114,1913
PF17123,114,3333
PF18719,113,513
PF14215,113,4330
PF07833,113,9652
PF05141,113,1158
PF01119,113,11037
PF09955,113,1586
PF11885,113,1411
PF13786,113,1281
PF20092,113,386
PF10256,113,2199
PF05683,113,4955
PF05719,113,3417
PF06812,113,1433
PF13411,113,39274
PF05050,113,8685
PF10173,113,1040
PF04147,113,2112
PF08069,113,2289
PF08343,113,1551
PF03652,113,8112
PF04386,113,2676
PF07571,113,2080
PF10406,113,1651
PF03849,113,1894
PF05154,113,5341
PF06087,113,3031
PF02809,113,10588
PF03223,113,2432
PF03635,113,2369
PF04133,113,1985
PF17745,113,1285
PF08817,113,1831
PF11741,112,4844
PF13363,112,1562
PF02283,112,4774
PF08318,112,1872
PF12542,112,1434
PF02743,112,14348
PF06863,112,2722
PF14076,112,757
PF04260,112,906
PF04716,112,1545
PF14484,112,7872
PF01341,112,2907
PF03941,112,1608
PF01423,112,25996
PF00994,112,27309
PF04471,112,5768
PF01233,112,2331
PF00656,112,18527
PF03572,112,20087
PF02749,112,8073
PF10343,112,1746
PF03836,112,2809
PF00239,112,22356
PF00466,112,12309
PF02009,112,1783
PF13707,112,992
PF04983,112,14047
PF03870,112,1821
PF06487,112,1470
PF05076,112,2207
PF18401,112,2122
PF13725,112,1781
PF08406,111,1721
PF02724,111,2545
PF03311,111,3246
PF08883,111,1195
PF09186,111,3507
PF12277,111,2465
PF14016,111,2396
PF14252,111,1196
PF18936,111,967
PF19462,111,744
PF19677,111,199
PF20072,111,335
PF10513,111,5534
PF12801,111,11809
PF03630,111,4043
PF08544,111,22480
PF18564,111,1657
PF12333,111,1399
PF06532,111,773
PF02321,111,67534
PF05131,111,1542
PF00169,111,105778
PF07627,111,1582
PF03834,111,1591
PF14361,111,1084
PF18129,111,1378
PF04802,111,2657
PF04993,111,2455
PF07926,111,1574
PF00814,111,19593
PF07152,111,1364
PF12171,111,11060
PF05493,110,1478
PF12811,110,1942
PF09709,110,863
PF05652,110,1206
PF03345,110,1851
PF08489,110,329
PF10006,110,1920
PF13852,110,1325
PF03611,110,2443
PF13864,110,1190
PF04116,110,20101
PF02634,110,4712
PF07581,110,1436
PF01465,110,3093
PF10357,110,1709
PF12341,110,1675
PF14417,110,1753
PF09402,110,1608
PF03980,110,1126
PF13874,110,1672
PF16093,110,1176
PF02562,110,11407
PF07631,110,1551
PF00919,110,18391
PF10355,110,1524
PF10322,109,421
PF18395,109,477
PF13236,109,2248
PF07077,109,1495
PF03087,109,3941
PF10974,109,798
PF11155,109,1532
PF17162,109,1109
PF19100,109,210
PF19133,109,210
PF05346,109,2011
PF06170,109,2622
PF08783,109,2176
PF13001,109,1777
PF19277,109,3202
PF06744,109,1233
PF08523,109,1803
PF03800,109,1587
PF04121,109,1930
PF03911,109,1931
PF01300,109,15724
PF04494,109,2064
PF00912,109,22388
PF04050,109,1639
PF05764,109,1510
PF08326,108,3443
PF02522,108,1274
PF08401,108,2905
PF05118,108,3015
PF02927,108,1751
PF04420,108,1406
PF17727,108,1045
PF16172,108,3702
PF07933,108,2086
PF11213,108,777
PF12358,108,251
PF12499,108,508
PF12543,108,393
PF18918,108,296
PF19730,108,373
PF10374,108,2744
PF18029,108,20698
PF13625,108,4879
PF13413,108,4456
PF00066,108,6090
PF01734,108,30896
PF03568,108,1858
PF01850,108,18686
PF03136,108,2597
PF01782,108,7491
PF12400,108,1550
PF08622,108,802
PF17187,108,822
PF00907,108,6859
PF14561,108,3751
PF13465,108,4434
PF14599,108,2590
PF04412,107,893
PF03485,107,9876
PF01603,107,6797
PF08147,107,1520
PF09724,107,1487
PF07564,107,641
PF09353,107,1497
PF11865,107,1944
PF13709,107,2015
PF19903,107,151
PF20153,107,3837
PF20014,107,327
PF04138,107,10087
PF08663,107,431
PF04179,107,997
PF14528,107,2034
PF02834,107,2997
PF20154,107,5689
PF03492,107,4522
PF05859,107,1300
PF04757,107,4240
PF01048,107,30958
PF02666,107,10563
PF17769,107,6953
PF17184,107,1153
PF17126,107,865
PF02026,107,7041
PF18833,107,632
PF04956,107,2063
PF20084,107,398
PF03950,107,8047
PF11754,107,4697
PF15612,107,4134
PF00867,107,8310
PF15801,107,1643
PF04627,106,1430
PF06677,106,1101
PF02944,106,1335
PF05019,106,2273
PF01383,106,813
PF08902,106,648
PF13567,106,4307
PF13968,106,4850
PF14060,106,1123
PF19545,106,716
PF12892,106,1136
PF03646,106,1876
PF03770,106,5142
PF12706,106,30167
PF13648,106,1139
PF03448,106,8385
PF08293,106,1357
PF13953,106,1222
PF06424,106,1758
PF05000,106,13674
PF16073,106,3476
PF02036,106,8766
PF15277,106,2309
PF04545,106,39625
PF10441,106,1288
PF07928,106,1803
PF05406,106,4296
PF08869,106,813
PF10368,106,334
PF01422,106,13820
PF08000,105,1658
PF14159,105,1436
PF10312,105,1562
PF02109,105,1541
PF00781,105,24372
PF10517,105,1942
PF07632,105,1078
PF08953,105,4331
PF10293,105,968
PF10989,105,411
PF11303,105,1413
PF12725,105,863
PF18902,105,478
PF19733,105,193
PF07546,105,2365
PF17680,105,585
PF20013,105,377
PF20066,105,433
PF08885,105,1242
PF14331,105,1349
PF10613,105,11694
PF13578,105,5924
PF17836,105,2428
PF07526,105,2651
PF04825,105,3673
PF06870,105,1664
PF13275,105,3385
PF04091,105,2608
PF13977,105,8964
PF00654,105,18609
PF00710,104,8107
PF04109,104,2131
PF05746,104,15338
PF06568,104,3284
PF09172,104,1954
PF14340,104,1342
PF14388,104,1118
PF14534,104,7428
PF19674,104,259
PF20097,104,233
PF04622,104,1291
PF05965,104,3475
PF02183,104,4103
PF13391,104,5492
PF04180,104,1703
PF17966,104,879
PF02566,104,18302
PF03571,104,3105
PF08610,104,1612
PF07498,104,8472
PF01092,104,2803
PF03343,104,2048
PF14438,104,2224
PF08455,104,1518
PF04086,104,1741
PF08514,104,2787
PF05742,104,3918
PF08751,104,1897
PF09905,104,1280
PF01822,104,12435
PF03878,104,2263
PF03374,103,1767
PF01786,103,2304
PF09769,103,1646
PF08614,103,1837
PF08149,103,1610
PF19266,103,1131
PF06481,103,1304
PF09844,103,1565
PF10677,103,1577
PF11255,103,1049
PF11274,103,1010
PF12473,103,4537
PF19379,103,201
PF20115,103,262
PF05610,103,1933
PF01468,103,1429
PF07527,103,3470
PF13592,103,2487
PF04874,103,1596
PF06991,103,1623
PF09299,103,2361
PF00388,103,12463
PF10604,103,18013
PF13609,103,7137
PF01326,103,16949
PF07277,103,1404
PF04722,103,1711
PF03934,103,2032
PF11991,103,1301
PF02271,103,1740
PF12436,103,3613
PF09819,102,1345
PF18859,102,463
PF01177,102,14935
PF00216,102,19033
PF00262,102,6113
PF02234,102,2117
PF06884,102,1310
PF07044,102,1384
PF03057,102,1127
PF13938,102,440
PF02421,102,6035
PF05024,102,1783
PF18545,102,1126
PF18575,102,412
PF17674,102,7214
PF00570,102,15461
PF06761,102,1308
PF13619,102,1317
PF01759,102,5093
PF16900,102,3196
PF16282,102,1620
PF17102,102,1478
PF18121,102,1498
PF02939,102,1227
PF03683,102,1360
PF09454,102,1676
PF05180,102,1832
PF08746,102,1150
PF01120,101,7753
PF01821,101,1897
PF18862,101,313
PF14398,101,2499
PF03703,101,12629
PF05042,101,1885
PF03234,101,1288
PF10288,101,1217
PF06417,101,1591
PF06676,101,1501
PF07039,101,1647
PF07081,101,2367
PF11239,101,2058
PF12079,101,1736
PF18963,101,974
PF19763,101,245
PF12353,101,1790
PF06881,101,1528
PF04572,101,1420
PF09110,101,2236
PF08263,101,49641
PF13636,101,1603
PF14711,101,1617
PF04054,101,2386
PF08424,101,1439
PF06042,101,1006
PF18204,101,551
PF13962,101,13937
PF18911,101,17638
PF17651,101,1647
PF00415,101,94045
PF18614,101,998
PF13145,101,4081
PF09382,101,8386
PF11708,101,1818
PF08236,101,1230
PF06257,101,1160
PF05662,101,6267
PF10722,101,4099
PF01906,101,4302
PF13901,101,2662
PF00191,100,33584
PF09333,100,2726
PF04995,100,1785
PF06419,100,1940
PF07782,100,1289
PF09962,100,1291
PF10287,100,611
PF09495,100,1225
PF14273,100,1587
PF04526,100,1569
PF20008,100,259
PF20065,100,206
PF20075,100,253
PF07055,100,1067
PF13018,100,1417
PF02433,100,3112
PF07586,100,1569
PF18296,100,1897
PF14225,100,2445
PF17188,100,1041
PF04097,100,1957
PF06119,100,3358
PF04926,100,4384
PF07915,100,2909
PF12465,100,1395
PF17205,100,2838
PF08620,100,1509
PF05327,100,2109
PF09856,100,2339
PF04136,100,1694
PF09111,100,2395
PF05157,100,7245
PF12612,100,1696
PF01826,100,13718
PF14021,100,910
PF03152,100,3080
PF03997,100,1610
PF16278,100,1291
PF01757,99,28774
PF16679,99,1447
PF00425,99,19944
PF00610,99,13730
PF12254,99,1575
PF16924,99,737
PF07796,99,926
PF07869,99,1024
PF08490,99,1817
PF09130,99,1347
PF09954,99,1522
PF09972,99,2252
PF13835,99,1141
PF19351,99,262
PF19867,99,217
PF20151,99,6951
PF06103,99,1875
PF09440,99,1808
PF13934,99,1384
PF07734,99,5209
PF08609,99,1653
PF14345,99,895
PF17898,99,428
PF05127,99,2485
PF06985,99,26716
PF18698,99,361
PF10116,99,718
PF12323,99,5258
PF12257,99,1748
PF00143,99,1647
PF00014,99,19493
PF09326,99,2630
PF02128,99,2073
PF06167,99,1667
PF09262,99,1577
PF09250,99,4204
PF10584,99,11607
PF01480,99,6009
PF01294,99,2156
PF16906,99,2379
PF01780,99,2501
PF08585,99,2438
PF00910,99,1015
PF04565,99,13828
PF02082,99,15820
PF00395,99,34346
PF10544,99,3076
PF10276,99,3217
PF06262,99,3649
PF13087,98,23771
PF13822,98,1836
PF10033,98,2041
PF02309,98,9544
PF01681,98,349
PF01891,98,3242
PF02679,98,1248
PF02950,98,9
PF01113,98,9869
PF09317,98,1403
PF11926,98,2982
PF14129,98,842
PF16338,98,2121
PF19765,98,571
PF09173,98,2174
PF00041,98,280959
PF16489,98,6140
PF05838,98,1330
PF07409,98,288
PF04979,98,2019
PF02121,98,3667
PF04072,98,7023
PF02606,98,4213
PF06772,98,3405
PF01454,98,3856
PF09748,98,1501
PF08242,98,9411
PF08305,98,2140
PF11566,98,1671
PF15365,98,1783
PF10165,98,1995
PF14666,98,1444
PF01194,98,1754
PF14474,98,991
PF07780,98,1653
PF04293,98,2210
PF18400,98,2163
PF18693,98,5218
PF08640,98,1578
PF05365,98,1222
PF05194,98,1909
PF07535,98,1433
PF13604,97,11580
PF09821,97,682
PF05282,97,1602
PF13291,97,9806
PF17050,97,499
PF02883,97,7720
PF07855,97,1479
PF01049,97,7657
PF02359,97,4295
PF12014,97,1830
PF05651,97,1080
PF06207,97,787
PF01958,97,1172
PF10698,97,1074
PF11103,97,625
PF11241,97,1427
PF11906,97,1051
PF19116,97,778
PF00892,97,143528
PF08411,97,1173
PF03147,97,9280
PF03074,97,1941
PF01532,97,11217
PF03129,97,39523
PF07569,97,1894
PF00197,97,1663
PF13149,97,1074
PF13455,97,876
PF02613,97,3781
PF09411,97,1912
PF04928,97,4336
PF09587,97,4717
PF19238,97,895
PF09368,97,1516
PF06470,97,12131
PF11380,97,1870
PF02501,97,1142
PF05591,97,1575
PF05119,97,1625
PF07534,97,12982
PF13369,97,3225
PF09605,97,946
PF11470,97,1092
PF13880,96,1589
PF02012,96,1180
PF08145,96,1711
PF04444,96,3373
PF01989,96,855
PF08409,96,2168
PF11028,96,1616
PF12401,96,1648
PF13907,96,2222
PF19371,96,192
PF19562,96,290
PF04783,96,2727
PF19956,96,322
PF09816,96,1635
PF00208,96,16095
PF01370,96,80341
PF06751,96,1501
PF00117,96,59159
PF04189,96,1723
PF07488,96,1165
PF07885,96,33585
PF06246,96,1736
PF08785,96,1451
PF03888,96,1310
PF18266,96,936
PF08153,96,1763
PF06516,96,988
PF10510,96,1807
PF08429,96,3432
PF11955,96,2684
PF04381,96,1575
PF09581,96,923
PF06200,96,3878
PF18334,96,1010
PF12756,96,3914
PF13966,96,9549
PF13229,95,21460
PF05425,95,4250
PF18425,95,266
PF00134,95,30503
PF16543,95,2240
PF07784,95,1163
PF09324,95,4529
PF09832,95,1749
PF09956,95,782
PF14093,95,828
PF19650,95,492
PF19875,95,178
PF12831,95,7641
PF03961,95,1698
PF05345,95,10872
PF09749,95,1533
PF11834,95,2147
PF10421,95,1054
PF00717,95,17320
PF04351,95,1204
PF03364,95,9533
PF07929,95,2686
PF01437,95,12823
PF17144,95,2944
PF14664,95,1623
PF14668,95,1497
PF13655,95,1006
PF05486,95,1306
PF08232,95,2185
PF14413,95,2046
PF08623,95,1997
PF05017,95,346
PF01028,95,4434
PF01060,95,2174
PF11701,95,1659
PF05943,95,1753
PF18945,95,1606
PF07072,95,972
PF13913,95,4153
PF10014,94,1007
PF05088,94,3457
PF09825,94,1370
PF00188,94,25686
PF05730,94,6211
PF03450,94,12225
PF00650,94,21317
PF16978,94,1455
PF04889,94,1766
PF16899,94,1655
PF08630,94,731
PF10418,94,4838
PF04931,94,1821
PF01976,94,522
PF08520,94,842
PF09899,94,1410
PF10290,94,585
PF11066,94,2419
PF11377,94,1407
PF03885,94,877
PF11867,94,1957
PF11984,94,1051
PF12172,94,4570
PF13699,94,2092
PF14209,94,490
PF14536,94,131
PF20093,94,168
PF05091,94,1970
PF01521,94,14649
PF10416,94,255
PF07391,94,2783
PF04882,94,2163
PF09669,94,1234
PF10181,94,1285
PF08320,94,1461
PF12357,94,2214
PF07637,94,1323
PF14610,94,481
PF03763,94,3242
PF17746,94,2309
PF04079,94,6628
PF05947,94,1659
PF03631,94,12439
PF18458,94,359
PF07859,93,48918
PF09793,93,1166
PF01644,93,2921
PF16732,93,1674
PF14138,93,1299
PF13299,93,1524
PF07987,93,1990
PF08837,93,1157
PF02639,93,3157
PF10050,93,597
PF11236,93,1340
PF11848,93,666
PF11875,93,1492
PF12969,93,2351
PF19934,93,221
PF20050,93,497
PF20111,93,266
PF01032,93,26065
PF02637,93,8568
PF09814,93,1558
PF03723,93,814
PF13560,93,42884
PF04760,93,12090
PF08574,93,1334
PF05805,93,1581
PF09090,93,1681
PF06967,93,454
PF12705,93,16606
PF13190,93,1049
PF15786,93,918
PF11464,93,1398
PF01246,93,4053
PF01247,93,2218
PF01877,93,471
PF01536,93,2519
PF17844,93,1394
PF12932,93,2024
PF12931,93,3832
PF18346,93,3763
PF04573,93,2040
PF08032,93,11950
PF04686,93,2346
PF06687,93,3995
PF11935,93,1946
PF00957,93,10485
PF04226,93,5983
PF10537,93,1862
PF04008,92,336
PF12896,92,1569
PF18946,92,365
PF01442,92,5183
PF03181,92,2465
PF02553,92,809
PF02013,92,2840
PF12271,92,1515
PF01111,92,2121
PF14327,92,2233
PF01548,92,10939
PF09925,92,1140
PF09966,92,1307
PF09997,92,997
PF11919,92,1901
PF12996,92,858
PF14334,92,722
PF18940,92,472
PF18951,92,588
PF19912,92,215
PF06012,92,2283
PF10163,92,1308
PF03917,92,2479
PF12710,92,17032
PF14479,92,1748
PF01803,92,4088
PF03640,92,4237
PF10433,92,6023
PF14013,92,1583
PF07127,92,601
PF04065,92,2276
PF07303,92,2260
PF19044,92,4096
PF08634,92,775
PF07491,92,1512
PF09796,92,658
PF01776,92,2565
PF05982,92,1072
PF12726,92,899
PF04855,92,3560
PF11640,92,967
PF01096,92,6802
PF13181,92,93178
PF09799,92,1290
PF05678,92,4814
PF14070,92,840
PF05270,91,2056
PF04739,91,2553
PF07584,91,4248
PF16184,91,22316
PF14218,91,388
PF05051,91,1330
PF08216,91,1572
PF01609,91,19687
PF13841,91,1269
PF11412,91,5057
PF07314,91,808
PF09834,91,1314
PF10066,91,1195
PF11013,91,913
PF11185,91,1113
PF11821,91,1085
PF12022,91,1111
PF14155,91,1256
PF04285,91,2834
PF19349,91,318
PF12225,91,611
PF19845,91,393
PF01949,91,327
PF00889,91,9690
PF14109,91,848
PF01272,91,12772
PF09729,91,2760
PF14856,91,648
PF18576,91,329
PF00305,91,7258
PF01699,91,42200
PF04170,91,934
PF09805,91,1317
PF08567,91,1399
PF04046,91,2557
PF00347,91,22045
PF05496,91,9284
PF13558,91,6071
PF08295,91,3216
PF13782,91,592
PF03531,91,1799
PF08231,91,1620
PF02751,91,1641
PF14198,91,1028
PF08402,91,23214
PF04052,91,2797
PF18884,91,6179
PF11712,91,1315
PF04921,91,1574
PF04307,91,5304
PF00102,91,38689
PF00643,91,30395
PF12674,91,676
PF17947,90,543
PF17864,90,7594
PF09290,90,1613
PF13290,90,3722
PF13657,90,3733
PF02936,90,1616
PF18777,90,1909
PF05026,90,1578
PF04657,90,4085
PF08903,90,868
PF10029,90,1079
PF11154,90,1175
PF11307,90,897
PF11902,90,1175
PF13767,90,752
PF13777,90,1040
PF05424,90,2871
PF10359,90,866
PF03639,90,1728
PF11904,90,2838
PF13879,90,1171
PF06083,90,1572
PF04397,90,22409
PF09864,90,1247
PF03927,90,734
PF04696,90,1472
PF00070,90,354
PF04252,90,813
PF02199,90,1569
PF18145,90,431
PF04927,90,2083
PF02291,90,1774
PF11732,90,1896
PF05216,90,1391
PF19413,90,363
PF13563,89,6978
PF03915,89,2403
PF00171,89,117129
PF00289,89,26957
PF13246,89,28395
PF05275,89,1198
PF02672,89,1059
PF08798,89,980
PF05848,89,1097
PF17657,89,13933
PF07085,89,4312
PF07798,89,2726
PF01579,89,654
PF11127,89,4787
PF11165,89,343
PF12927,89,833
PF13511,89,3215
PF13569,89,1182
PF14276,89,463
PF16258,89,765
PF01882,89,13604
PF19777,89,413
PF19928,89,156
PF20027,89,255
PF20120,89,279
PF06025,89,2012
PF13202,89,33086
PF04773,89,15712
PF02441,89,15796
PF00594,89,3313
PF01228,89,4353
PF04155,89,1058
PF07818,89,1571
PF01784,89,7579
PF13263,89,1733
PF12484,89,753
PF16450,89,10403
PF01242,89,7775
PF01472,89,10855
PF11967,89,7237
PF02631,89,6845
PF04607,89,14739
PF01198,89,2723
PF01199,89,2201
PF11705,89,1453
PF04092,89,1235
PF13577,89,8792
PF12138,89,1486
PF09280,89,2591
PF16561,88,6395
PF09451,88,1280
PF09066,88,2358
PF01337,88,2242
PF06203,88,7108
PF04344,88,1574
PF19127,88,5636
PF02487,88,2085
PF00030,88,15994
PF01526,88,2364
PF07733,88,15247
PF02635,88,6161
PF06742,88,3356
PF07237,88,1384
PF07870,88,1135
PF08905,88,965
PF11832,88,603
PF19621,88,288
PF19935,88,171
PF00632,88,25162
PF01284,88,10290
PF08637,88,1196
PF01796,88,5857
PF04720,88,2210
PF00800,88,9374
PF10032,88,995
PF08686,88,3195
PF16686,88,1142
PF10252,88,1409
PF01862,88,508
PF14374,88,2080
PF08167,88,1364
PF05001,88,21342
PF00263,88,8551
PF00494,88,11402
PF19360,88,349
PF00152,88,33408
PF09249,88,284
PF12451,88,1280
PF04438,88,5202
PF04354,88,1364
PF01941,87,432
PF13329,87,893
PF02362,87,22378
PF16589,87,6816
PF08821,87,392
PF01982,87,297
PF07012,87,2482
PF08503,87,780
PF08713,87,4839
PF03330,87,14469
PF08285,87,1205
PF17761,87,2452
PF06764,87,1568
PF07843,87,555
PF10098,87,1326
PF10332,87,701
PF11001,87,819
PF11940,87,2965
PF04019,87,275
PF12955,87,631
PF13663,87,1599
PF14017,87,1305
PF14199,87,707
PF18347,87,833
PF19138,87,182
PF20063,87,250
PF05910,87,2016
PF06073,87,1769
PF13499,87,91636
PF00647,87,2023
PF10483,87,1412
PF03663,87,5845
PF01837,87,442
PF13307,87,12423
PF00633,87,15597
PF00183,87,13249
PF09597,87,949
PF09779,87,1058
PF18816,87,925
PF16197,87,22611
PF03168,87,9283
PF09174,87,1764
PF04424,87,2026
PF12460,87,1574
PF18413,87,331
PF00215,87,10995
PF07676,87,54243
PF01190,87,4142
PF09286,87,5361
PF12588,87,922
PF00825,87,7178
PF14633,87,1870
PF04355,87,3401
PF12164,87,587
PF19295,87,8991
PF13629,87,2567
PF13155,87,7167
PF00091,87,28965
PF08432,87,694
PF12450,87,1389
PF01797,87,9021
PF05761,86,4463
PF03992,86,19476
PF00107,86,113450
PF00578,86,46928
PF02137,86,3934
PF05291,86,1779
PF13715,86,46068
PF00379,86,8677
PF03777,86,3384
PF02017,86,1478
PF05258,86,5284
PF03605,86,1187
PF08924,86,1395
PF12502,86,1426
PF13151,86,663
PF14261,86,1500
PF18983,86,242
PF19742,86,161
PF20079,86,301
PF05078,86,1721
PF11704,86,1284
PF01534,86,3979
PF00741,86,2242
PF12537,86,1445
PF13457,86,1067
PF08279,86,19477
PF16944,86,789
PF07578,86,1001
PF13813,86,3812
PF04678,86,2349
PF06333,86,2243
PF10780,86,1006
PF07923,86,1714
PF14365,86,2924
PF04069,86,11836
PF04062,86,1652
PF18101,86,1613
PF00024,86,9692
PF01447,86,3795
PF01136,86,9015
PF12974,86,6894
PF13638,86,7826
PF17292,86,1761
PF04151,86,3384
PF02983,86,2037
PF14850,86,2266
PF19297,86,1346
PF15519,86,2257
PF02565,86,7195
PF00827,86,2475
PF07521,86,14502
PF10259,86,1089
PF14611,86,531
PF03467,86,2230
PF11942,86,1679
PF05022,86,1500
PF10419,86,1318
PF07810,86,2684
PF00992,86,4981
PF19028,86,4432
PF09412,86,1642
PF13891,86,1925
PF10324,85,2716
PF12625,85,6045
PF14525,85,4450
PF02310,85,22877
PF08172,85,1531
PF05205,85,1352
PF14743,85,1049
PF16803,85,636
PF06897,85,1018
PF08570,85,1494
PF10990,85,1022
PF12157,85,2239
PF12412,85,1448
PF13195,85,1225
PF14030,85,1179
PF14126,85,882
PF14316,85,909
PF19538,85,250
PF20127,85,202
PF08355,85,2620
PF05182,85,2212
PF03644,85,1518
PF14214,85,6319
PF06766,85,641
PF01661,85,12643
PF11051,85,4070
PF18812,85,205
PF04088,85,1173
PF09785,85,1645
PF00359,85,13238
PF09409,85,3193
PF18755,85,2095
PF00652,85,16672
PF09468,85,1444
PF18004,85,2037
PF18087,85,319
PF13796,85,3162
PF16835,85,1537
PF04954,85,5244
PF02116,85,490
PF04434,85,15037
PF14810,85,383
PF04414,85,596
PF14732,85,1386
PF15456,85,959
PF14681,85,12484
PF06013,85,5484
PF18332,85,1378
PF13771,85,5336
PF02807,84,2371
PF16507,84,2438
PF11761,84,843
PF02962,84,1140
PF00385,84,26328
PF01393,84,2417
PF01512,84,12713
PF05160,84,1515
PF06842,84,1373
PF08350,84,271
PF09431,84,1282
PF10056,84,1179
PF11899,84,1317
PF11907,84,1245
PF12572,84,1320
PF12585,84,1056
PF13259,84,2139
PF13628,84,3034
PF14026,84,1147
PF14329,84,1292
PF04337,84,1027
PF04535,84,6423
PF19801,84,244
PF19883,84,333
PF07059,84,3446
PF13668,84,4129
PF18143,84,1021
PF14376,84,878
PF19276,84,2552
PF13443,84,0
PF10280,84,1213
PF04452,84,8126
PF08842,84,483
PF04319,84,543
PF15891,84,773
PF03711,84,4336
PF18553,84,1626
PF01477,84,16705
PF14100,84,1389
PF07624,84,1402
PF02889,84,10523
PF07517,84,9894
PF16275,84,1821
PF03865,84,2946
PF14292,84,1050
PF14912,84,1619
PF02621,84,2795
PF16909,84,3999
PF14864,83,1425
PF01593,83,44325
PF08672,83,1324
PF13355,83,622
PF00651,83,87659
PF01321,83,15323
PF09481,83,844
PF08578,83,793
PF01595,83,22145
PF09900,83,678
PF10979,83,1588
PF12063,83,1682
PF13776,83,960
PF13785,83,1231
PF14321,83,877
PF14325,83,1344
PF14342,83,1151
PF04284,83,786
PF04819,83,2210
PF05913,83,799
PF11575,83,1573
PF01115,83,1809
PF08388,83,3988
PF12917,83,1384
PF07052,83,1364
PF04119,83,614
PF04362,83,1607
PF08065,83,1519
PF17883,83,374
PF12929,83,756
PF12246,83,734
PF08676,83,8952
PF16508,83,864
PF07292,83,1127
PF04895,83,285
PF18290,83,1531
PF02357,83,9875
PF04045,83,2058
PF05233,83,2123
PF05826,83,1194
PF06699,83,1402
PF18604,83,225
PF02840,83,1699
PF00620,83,43534
PF04267,83,1965
PF04910,83,1783
PF01833,83,33063
PF06886,83,3540
PF01841,83,24853
PF00418,83,9281
PF08812,83,647
PF03475,82,1256
PF10198,82,1328
PF17771,82,6362
PF09135,82,558
PF09103,82,1064
PF09792,82,928
PF09415,82,974
PF06228,82,639
PF08559,82,860
PF08859,82,484
PF07338,82,1258
PF09982,82,1061
PF10003,82,1204
PF11305,82,1410
PF11325,82,1027
PF13875,82,868
PF14105,82,336
PF14108,82,873
PF14124,82,956
PF14258,82,1095
PF19296,82,7942
PF19313,82,1405
PF19541,82,203
PF19780,82,573
PF19790,82,195
PF05284,82,1830
PF19200,82,821
PF19964,82,112
PF12757,82,520
PF02350,82,7622
PF08771,82,1968
PF00852,82,5072
PF00903,82,74819
PF02188,82,5466
PF06715,82,400
PF06090,82,1901
PF01608,82,3706
PF02149,82,5152
PF11597,82,1044
PF08670,82,1653
PF03166,82,4578
PF17956,82,3160
PF18297,82,494
PF08155,82,1732
PF10495,82,1422
PF03013,82,1175
PF02852,82,35529
PF00101,82,2079
PF04520,82,2072
PF08648,82,1347
PF06485,82,521
PF06331,82,1302
PF01910,82,3879
PF04281,82,1374
PF12555,82,818
PF19631,82,364
PF14814,82,866
PF15738,82,1183
PF08571,82,1410
PF12774,81,9978
PF15420,81,882
PF08327,81,18190
PF01918,81,3190
PF10423,81,1472
PF03899,81,2352
PF09759,81,1445
PF00528,81,332301
PF10233,81,1011
PF16035,81,1241
PF13541,81,12649
PF01086,81,2667
PF02682,81,5726
PF07732,81,29388
PF06935,81,549
PF10387,81,2073
PF11175,81,1174
PF11248,81,1393
PF11667,81,894
PF13575,81,730
PF14287,81,1671
PF19148,81,104
PF19807,81,467
PF11390,81,923
PF11951,81,28647
PF12074,81,743
PF17829,81,1641
PF12000,81,762
PF00372,81,789
PF12221,81,1676
PF13787,81,737
PF04112,81,1968
PF12248,81,1027
PF00993,81,1406
PF14222,81,2808
PF07994,81,2813
PF02931,81,25726
PF05136,81,1309
PF04674,81,2102
PF05617,81,2319
PF08658,81,781
PF01777,81,1985
PF01781,81,1887
PF14760,81,957
PF03435,81,11601
PF00375,81,18158
PF04247,81,882
PF14824,81,3442
PF08286,81,903
PF17931,81,922
PF02882,81,13655
PF11711,81,784
PF06527,81,1823
PF12696,81,2648
PF01994,81,264
PF02620,81,7101
PF04266,80,3710
PF09826,80,830
PF00533,80,20996
PF06657,80,1205
PF07989,80,2301
PF16415,80,2466
PF12852,80,4114
PF00173,80,26507
PF08287,80,671
PF09842,80,1007
PF11849,80,885
PF11959,80,843
PF13271,80,1585
PF14393,80,546
PF16137,80,765
PF04361,80,913
PF19302,80,5638
PF05979,80,1440
PF12455,80,1850
PF03944,80,26
PF12241,80,1083
PF13733,80,3522
PF08938,80,1245
PF09339,80,31118
PF11740,80,906
PF17969,80,392
PF11221,80,1443
PF11312,80,657
PF10057,80,1125
PF01292,80,10704
PF14803,80,1508
PF04795,80,1438
PF13201,80,530
PF04191,80,7404
PF01558,80,11890
PF12666,80,1070
PF06506,80,1032
PF12843,80,1520
PF08428,80,703
PF01907,80,2162
PF07499,80,7251
PF02042,80,3473
PF16531,80,864
PF07574,80,1468
PF00435,80,122528
PF15430,80,432
PF02780,80,39067
PF02779,80,49496
PF18135,80,1260
PF17392,80,4449
PF09429,80,1371
PF08174,79,1986
PF02558,79,10935
PF11527,79,1360
PF01937,79,3828
PF03472,79,3194
PF06507,79,5432
PF11766,79,190
PF01656,79,19217
PF02238,79,1673
PF16500,79,429
PF01682,79,1577
PF18092,79,554
PF06980,79,1104
PF07027,79,941
PF11162,79,982
PF11864,79,1476
PF12006,79,1312
PF04123,79,345
PF19779,79,203
PF05128,79,2331
PF06067,79,1343
PF16369,79,565
PF00722,79,21084
PF14307,79,880
PF03722,79,617
PF10636,79,1177
PF09529,79,1001
PF02801,79,49724
PF11209,79,2122
PF06762,79,2835
PF16370,79,690
PF09936,79,288
PF18393,79,414
PF17776,79,11241
PF18754,79,240
PF04894,79,286
PF14772,79,972
PF03211,79,2127
PF08084,79,1683
PF03829,79,605
PF12900,79,6402
PF03725,79,22449
PF14707,79,2793
PF01026,79,16728
PF13662,79,12967
PF00590,79,36157
PF03665,79,1270
PF09783,79,1746
PF00098,79,56235
PF08790,79,1335
PF11722,79,878
PF00389,78,40156
PF06189,78,1756
PF13823,78,3807
PF04161,78,1764
PF00733,78,19800
PF13094,78,615
PF01959,78,821
PF03265,78,4934
PF18018,78,1676
PF00404,78,4049
PF07681,78,15071
PF07911,78,1535
PF10106,78,1058
PF13197,78,488
PF13829,78,1434
PF14019,78,1132
PF14123,78,858
PF19119,78,124
PF19762,78,243
PF19794,78,295
PF05623,78,2338
PF14312,78,4698
PF05130,78,2514
PF08335,78,11423
PF00746,78,3640
PF09594,78,6012
PF05168,78,3240
PF08364,78,2412
PF00605,78,3096
PF00139,78,8429
PF04791,78,5487
PF03739,78,8934
PF01835,78,6638
PF08122,78,1185
PF12535,78,786
PF08063,78,1021
PF04614,78,1590
PF18765,78,4683
PF08418,78,1255
PF09604,78,1662
PF08478,78,5776
PF04502,78,3379
PF02403,78,10741
PF16546,78,1338
PF01202,78,14931
PF08334,78,2710
PF17804,78,1816
PF18324,78,421
PF09302,78,838
PF06827,78,11159
PF02028,77,6963
PF13354,77,7057
PF02933,77,4865
PF09774,77,1124
PF05532,77,5962
PF18152,77,1937
PF00455,77,16076
PF00521,77,17903
PF07849,77,778
PF10382,77,1414
PF11009,77,1095
PF11292,77,1227
PF12034,77,1457
PF13274,77,1591
PF13700,77,1629
PF14054,77,1986
PF14114,77,842
PF14270,77,534
PF04282,77,473
PF04356,77,890
PF18989,77,274
PF19131,77,166
PF12787,77,2278
PF08368,77,1504
PF05400,77,780
PF07995,77,14032
PF17906,77,3588
PF12282,77,1608
PF00109,77,52776
PF02828,77,7003
PF19306,77,2011
PF18798,77,143
PF12701,77,2945
PF09444,77,730
PF15879,77,1079
PF07993,77,15505
PF17767,77,7173
PF01566,77,11841
PF14907,77,2283
PF03709,77,1330
PF03828,77,7452
PF17820,77,30755
PF06995,77,772
PF06754,77,1006
PF05845,77,1024
PF14121,77,870
PF01010,77,674
PF09182,77,1013
PF05508,77,573
PF01857,77,1958
PF01158,77,2157
PF00832,77,1746
PF05433,77,4529
PF17770,77,6108
PF04455,77,727
PF07070,77,1636
PF04719,77,1622
PF13098,77,3943
PF16134,77,3120
PF12325,77,1345
PF02581,77,11001
PF08915,77,227
PF09534,77,1287
PF01704,77,6816
PF19018,77,996
PF06943,77,2637
PF13451,77,963
PF08395,76,3282
PF13338,76,1527
PF12895,76,0
PF14399,76,838
PF16575,76,3541
PF12557,76,1012
PF18050,76,1074
PF01761,76,9659
PF00035,76,30013
PF07099,76,652
PF07209,76,969
PF09391,76,1049
PF12089,76,1466
PF12609,76,1646
PF12825,76,1356
PF04235,76,3505
PF16586,76,911
PF17116,76,770
PF18901,76,0
PF18986,76,997
PF19130,76,102
PF19314,76,1963
PF19364,76,243
PF19560,76,243
PF02221,76,3826
PF04384,76,958
PF12800,76,4161
PF01613,76,19864
PF02687,76,56812
PF12081,76,837
PF07817,76,1634
PF17652,76,2261
PF00045,76,22165
PF13518,76,4417
PF00817,76,20430
PF03730,76,2244
PF17930,76,1300
PF10558,76,1456
PF06455,76,759
PF07555,76,1789
PF01436,76,26184
PF04923,76,1084
PF08911,76,1095
PF08733,76,550
PF01364,76,1252
PF08496,76,817
PF02878,76,29260
PF02006,76,254
PF08606,76,1762
PF08561,76,1400
PF02714,76,9216
PF16922,76,1263
PF08644,76,1811
PF04143,76,7587
PF18096,76,2097
PF02776,76,36172
PF17642,76,531
PF18339,76,747
PF05008,76,2506
PF04909,75,25274
PF05240,75,84
PF11022,75,722
PF10079,75,1246
PF17892,75,2173
PF07718,75,1868
PF10133,75,318
PF09485,75,852
PF14522,75,2147
PF08651,75,682
PF13386,75,3265
PF07758,75,322
PF07845,75,939
PF09435,75,669
PF12130,75,3699
PF14103,75,759
PF17733,75,810
PF18934,75,1473
PF09242,75,779
PF12611,75,769
PF01827,75,1787
PF02140,75,8566
PF19320,75,684
PF05199,75,35428
PF14231,75,609
PF04313,75,6129
PF12146,75,43818
PF07281,75,1228
PF08235,75,3629
PF02190,75,16695
PF15779,75,1389
PF02278,75,1550
PF06258,75,1339
PF12247,75,680
PF17849,75,3928
PF15887,75,1160
PF01327,75,13809
PF04985,75,795
PF12166,75,2144
PF08636,75,744
PF13091,75,33136
PF14765,75,18067
PF01789,75,2777
PF07626,75,1312
PF12828,75,1053
PF00935,75,2465
PF18503,75,1599
PF03110,75,4019
PF15477,75,1534
PF08631,75,1038
PF12790,75,970
PF17918,75,1149
PF17920,75,2530
PF18791,75,1365
PF08302,75,912
PF11916,75,1934
PF04932,75,12646
PF07495,75,7176
PF14634,75,2925
PF20067,74,1403
PF13092,74,765
PF18695,74,752
PF04290,74,18410
PF05035,74,1527
PF10069,74,691
PF07485,74,838
PF07799,74,1002
PF10096,74,923
PF10209,74,632
PF10861,74,698
PF11391,74,1170
PF11222,74,990
PF11298,74,1589
PF12029,74,1520
PF12915,74,992
PF13148,74,1628
PF13320,74,971
PF13334,74,1865
PF13926,74,1457
PF14217,74,320
PF18950,74,560
PF18982,74,412
PF19857,74,196
PF20016,74,189
PF20132,74,221
PF02704,74,2239
PF07250,74,3044
PF00044,74,17739
PF12456,74,1744
PF07553,74,1114
PF09924,74,4791
PF09497,74,1778
PF03724,74,4406
PF11831,74,1642
PF10309,74,1118
PF04061,74,2112
PF00345,74,1959
PF01508,74,1520
PF18894,74,241
PF09423,74,7068
PF08485,74,804
PF11626,74,671
PF08208,74,909
PF06877,74,1077
PF07422,74,856
PF03629,74,6189
PF10384,74,775
PF10261,74,1412
PF04328,74,1299
PF17751,74,2295
PF09494,74,947
PF00530,74,33237
PF13972,74,984
PF03190,74,5213
PF02371,74,11685
PF17773,74,4919
PF04869,74,1741
PF08889,74,1949
PF13645,74,1262
PF13824,74,704
PF05020,74,1481
PF11781,74,757
PF07344,73,374
PF08546,73,10320
PF10377,73,1724
PF12156,73,1513
PF10775,73,729
PF10432,73,1014
PF02785,73,26739
PF09490,73,1216
PF06150,73,886
PF09828,73,856
PF02935,73,1177
PF01529,73,22163
PF06938,73,1485
PF10031,73,672
PF10923,73,890
PF11338,73,1095
PF11816,73,1741
PF11941,73,6010
PF12650,73,626
PF16119,73,781
PF18481,73,231
PF19121,73,110
PF19686,73,204
PF20043,73,519
PF20046,73,113
PF20101,73,409
PF04148,73,1114
PF06904,73,1697
PF00042,73,10097
PF00251,73,9431
PF16923,73,1545
PF08539,73,1325
PF04279,73,2376
PF11382,73,862
PF03962,73,1355
PF10785,73,987
PF00543,73,10611
PF05954,73,4901
PF14663,73,1499
PF18370,73,1135
PF08642,73,912
PF11612,73,922
PF13296,73,934
PF00440,73,176495
PF08275,73,8228
PF02814,73,2004
PF18439,73,1169
PF16076,72,3749
PF04326,72,5961
PF11833,72,1116
PF00394,72,21040
PF10438,72,760
PF04077,72,766
PF06849,72,231
PF02520,72,731
PF07510,72,4951
PF07872,72,815
PF10724,72,1097
PF11074,72,468
PF10998,72,1138
PF11322,72,418
PF11938,72,2380
PF12263,72,597
PF12953,72,394
PF14088,72,874
PF14134,72,596
PF14362,72,832
PF17647,72,362
PF19054,72,12168
PF05559,72,462
PF02670,72,7136
PF10093,72,642
PF14852,72,1461
PF01125,72,1733
PF02212,72,9502
PF17039,72,3174
PF10307,72,564
PF13749,72,3476
PF02602,72,10874
PF04213,72,1188
PF12840,72,29236
PF18558,72,661
PF05004,72,2244
PF10241,72,1187
PF00053,72,88208
PF14389,72,3430
PF02289,72,491
PF01568,72,22488
PF12794,72,764
PF17965,72,469
PF13454,72,3144
PF05031,72,800
PF15412,72,1012
PF01478,72,8355
PF02604,72,10090
PF02332,72,1066
PF01522,72,33959
PF11271,72,883
PF08127,72,973
PF11563,72,2781
PF03837,72,1491
PF12739,72,1909
PF01099,72,576
PF17760,72,9485
PF01443,72,1224
PF17774,72,1850
PF10283,72,1336
PF13304,71,10354
PF06314,71,2360
PF01094,71,33428
PF01145,71,36771
PF05529,71,2020
PF00653,71,6995
PF07950,71,759
PF09428,71,481
PF10002,71,766
PF10052,71,470
PF10338,71,746
PF11193,71,969
PF11188,71,2829
PF11204,71,1607
PF11452,71,1385
PF04037,71,1784
PF13503,71,850
PF07505,71,1353
PF10310,71,752
PF18932,71,435
PF19586,71,144
PF19808,71,132
PF19815,71,164
PF04082,71,72922
PF18416,71,237
PF01227,71,9610
PF04774,71,2261
PF13023,71,4219
PF06224,71,5968
PF13613,71,2491
PF11765,71,374
PF12998,71,4556
PF05922,71,15643
PF06757,71,343
PF00225,71,52974
PF05669,71,1544
PF02636,71,5900
PF05676,71,1352
PF05833,71,4547
PF12860,71,7801
PF18810,71,198
PF10502,71,22456
PF00628,71,51026
PF06978,71,2279
PF16717,71,1116
PF07634,71,704
PF03217,71,643
PF04203,71,9856
PF10496,71,1186
PF17682,71,1553
PF14246,71,5030
PF08722,71,747
PF10642,71,457
PF08528,71,1013
PF03468,71,2137
PF00198,70,26077
PF13401,70,9584
PF00664,70,147457
PF04958,70,1401
PF13364,70,4652
PF06859,70,1434
PF03493,70,4232
PF07742,70,2084
PF07654,70,20971
PF09707,70,769
PF05837,70,665
PF04833,70,2148
PF04969,70,11521
PF09265,70,1983
PF06058,70,2193
PF06237,70,885
PF06947,70,1405
PF09862,70,740
PF10013,70,1076
PF11042,70,777
PF11268,70,1390
PF12362,70,1127
PF12449,70,1146
PF13387,70,1657
PF13830,70,1536
PF14063,70,850
PF04286,70,3552
PF18433,70,259
PF04504,70,1593
PF19104,70,102
PF19142,70,131
PF00122,70,83435
PF14492,70,22176
PF08356,70,2757
PF08736,70,7632
PF08151,70,2350
PF03069,70,7054
PF12080,70,868
PF04262,70,1779
PF00955,70,14294
PF18738,70,578
PF03559,70,793
PF02218,70,4952
PF10685,70,3050
PF01299,70,1565
PF16448,70,688
PF13627,70,1261
PF13516,70,125345
PF03203,70,1146
PF11709,70,743
PF13941,70,721
PF04245,70,1867
PF03102,70,3750
PF03206,70,429
PF00881,70,33022
PF08566,70,758
PF05028,70,1831
PF01399,70,23885
PF01640,70,528
PF11808,70,1174
PF00566,70,38469
PF18578,70,324
PF19402,70,283
PF08737,70,1898
PF04990,70,1879
PF03839,70,1591
PF14712,70,1061
PF14684,70,2589
PF00089,70,62411
PF08608,70,2155
PF00642,70,42872
PF01063,69,25296
PF10211,69,1168
PF06522,69,2335
PF06781,69,1479
PF04134,69,4695
PF06491,69,1389
PF13564,69,5350
PF09750,69,1659
PF14671,69,2375
PF06252,69,616
PF07466,69,862
PF07713,69,1381
PF08982,69,740
PF09234,69,1347
PF10021,69,1799
PF10739,69,1151
PF11228,69,1404
PF11253,69,1366
PF12511,69,1143
PF13228,69,664
PF14238,69,1734
PF04317,69,1156
PF19939,69,229
PF05626,69,419
PF13534,69,8071
PF02050,69,2759
PF16797,69,534
PF13323,69,556
PF02099,69,2687
PF13925,69,1842
PF04962,69,3984
PF08552,69,720
PF02426,69,1064
PF11764,69,1223
PF09791,69,1953
PF05625,69,1777
PF13714,69,8820
PF05356,69,123
PF16015,69,918
PF12768,69,731
PF00562,69,15087
PF05866,69,1503
PF00665,69,42537
PF00078,69,95116
PF03501,69,2311
PF17107,69,873
PF11931,69,1712
PF16969,69,1921
PF14370,69,2220
PF03966,69,5641
PF02151,69,17498
PF08814,69,542
PF01530,69,10141
PF05741,69,865
PF00791,69,8597
PF03390,68,648
PF19436,68,302
PF14412,68,580
PF01262,68,12786
PF11728,68,724
PF18938,68,262
PF04729,68,2039
PF14798,68,1402
PF19268,68,524
PF03802,68,505
PF16761,68,844
PF03772,68,7215
PF06123,68,915
PF18784,68,2022
PF08706,68,2176
PF11523,68,1417
PF11743,68,604
PF11812,68,1198
PF11852,68,1234
PF11965,68,904
PF13020,68,1733
PF15377,68,1028
PF18943,68,417
PF19474,68,304
PF04759,68,1851
PF20139,68,237
PF00941,68,14834
PF11250,68,1503
PF10187,68,1451
PF08150,68,2597
PF07685,68,10105
PF12471,68,1081
PF05419,68,1016
PF08734,68,763
PF02924,68,628
PF00850,68,22555